,,,,,,,,,,,,,,,,,,,,
,,,Rivian R2 Orders & Deliveries Tracker Form  <-- Link to submit your order info.                        ,,,,,,,,,,,,,,,,,
,,,"* After submitting order info, please post a reply in this thread to notify us.",,,,,,,,,,,,,,,,,
,,,Rivian R2 Orders & Deliveries Change Request Form  <-- Link to submit edit request for your submitted order info.,,,,,,,,,,,,,,,,,
,,,,,,,,,,,,,,,,,,,,
,#,Username,Original Reservation Date,R2 Order Date,VIN Assigned,Estimated Delivery Date / Window,Purchase or Lease?,Location,Trim,Launch Package,Color,Interior,Wheels,Autonomy+ Option Added,Tow Package Added,Compact Spare Tire Added,Are you a current Rivian R1 owner?,"If you are a current R1 owner, will you be keeping your R1 and adding an R2?","If you are a current R1 owner, which model?",Other vehicles currently owned
,1,cwoodjr1963,,6/9/2026,,10/20/26,Purchase,WA,Performance,Yes,Catalina Cove,Coastal Cloud Signature,20” Black Sand All-Terrain,Included,Included,Yes,Yes,No,R1S,"Toyota, Cadillac"
,2,Alfredo amaranto,3/7/2024,6/9/2026,,JUly,Purchase,Canada - British Columbia,Performance,Yes,Esker Silver,Black Crater Signature,21” Liquid Tungsten All-Season,Included,Included,Yes,Yes,No,R1T,none
,3,utcadman,3/7/2024,6/9/2026,X1435,July 10,Purchase,UT,Performance,Yes,Half Moon Grey,Black Crater Signature,20” Black Sand All-Terrain,Yes,Yes,No,Yes,Yes,R1S,
,4,Sojhinn,3/7/2024,6/9/2026,,4-8 weeks,Purchase,WA,Performance,Yes,Catalina Cove,Black Crater Signature,20” Black Sand All-Terrain,Included,Included,No,Yes,Yes,R1T,
,5,jtotheaizzay,3/7/2024,6/9/2026,,unknown,Purchase,TN,Performance,Yes,Launch Green,Black Crater Signature,21” Liquid Tungsten All-Season,Included,Included,No,Yes,No,R1S,
,6,Twallerich,6/30/2025,6/9/2026,,Unknown,Purchase,WA,Performance,Yes,Esker Silver,Coastal Cloud Signature,21” Liquid Tungsten All-Season,Included,Included,No,Yes,No,R1T,Tesla S100D
,7,jasonb1234,3/7/2024,6/9/2026,,Dont have one,Purchase,CA,Performance,Yes,Launch Green,Black Crater Signature,21” Liquid Tungsten All-Season,Included,Included,No,Yes,No,R1S,Ioniq 5
,8,rhuber,3/7/2024,6/9/2026,,unknown,Purchase,IL,Performance,Yes,Catalina Cove,Black Crater Signature,21” Liquid Tungsten All-Season,Included,Included,Yes,Yes,Yes,Both,"Model S plaid, ford lightning"
,9,beckshanem,12/18/2025,6/9/2026,,unknown,Lease,PA,Performance,Yes,Launch Green,Coastal Cloud Signature,21” Liquid Tungsten All-Season,Included,Included,Yes,No,,,"2024 Mazda CX-50, 2024 Tesla Model 3 Performance, 2002 Mercedes Benz SLK230, 2000 Saab 95 Aero"
,10,COHAP,3/7/2024,6/9/2026,,06-30-26,Purchase,CO,Performance,Yes,Half Moon Grey,Black Crater Signature,20” Black Sand All-Terrain,Included,Included,No,Yes,Yes,R1T,KIA EV9
,11,Yusuf the eternal soul,4/18/2026,6/9/2026,,08/2026,Purchase,TX,Performance,Yes,Esker Silver,Black Crater Signature,21” Liquid Tungsten All-Season,Included,Included,No,No,,,VW ID4
,12,Ron40,3/7/2024,6/9/2026,,unknown,Purchase,UT,Performance,Yes,Catalina Cove,Black Crater Signature,20” Black Sand All-Terrain,Yes,Yes,No,Yes,Undecided,R1S,honda accord
,13,Hodags,3/7/2024,3/7/2024,X1134,06302026,Lease,CO,Performance,Yes,Catalina Cove,Black Crater Signature,21” Liquid Tungsten All-Season,Included,Included,No,Yes,Yes,Both,"R1T G2 Tri, R1S G2 DS, Tesla MY, Mazda CX90 PHEV"
,14,chaynes745,3/7/2024,6/10/2026,01741,7/25/26,Purchase,CO,Performance,Yes,Launch Green,Black Crater Signature,20” Black Sand All-Terrain,Included,Included,Yes,Yes,No,R1T,
,15,showmemo,3/7/2024,6/10/2026,00921,6/24/26,Purchase,MO,Performance,Yes,Launch Green,Black Crater Signature,21” Liquid Tungsten All-Season,Included,Included,No,Yes,Yes,R1T,"R1T, Tesla Model 3 Performance, 2000 BMW M Roadster"
,16,Manalishi,3/7/2024,6/11/2026,04145,8/3/2026,Purchase,IL,Performance,Yes,Catalina Cove,Black Crater Signature,21” Liquid Tungsten All-Season,Included,Included,No,Yes,No,R1S,2021 Ford Mustang Mach-E First Edition 
,17,Tarizzolo,3/7/2024,6/11/2026,01640,08/13/2026,Purchase,UT,Performance,Yes,Launch Green,Black Crater Signature,21” Liquid Tungsten All-Season,Included,Included,No,No,,,Tesla Model 3
,18,TheHoff,3/7/2024,6/11/2026,,Unknown,Purchase,WA,Performance,Yes,Glacier White,Black Crater Signature,20” Black Sand All-Terrain,Included,Included,Yes,Yes,Yes,R1S,
,19,SurfingIrish,3/7/2024,6/11/2026,,4-8 weeks,Lease,NJ,Performance,Yes,Catalina Cove,Black Crater Signature,21” Liquid Tungsten All-Season,Included,Included,No,Yes,No,R1T,Audi A5 & Jeep Wrangler
,20,Bar_Down,3/7/2024,6/30/2026,,August 2026,Purchase,DC - District of Columbia,Performance,Yes,Esker Silver,Coastal Cloud Signature,21” Liquid Tungsten All-Season,Yes,Yes,Yes,Yes,Yes,R1S,2023 R1S Quad Gen 1
,21,commanderSalamander,4/3/2024,6/11/2026,01480,"July 24, 2026",Purchase,OR,Performance,Yes,Glacier White,Black Crater Signature,20” Black Sand All-Terrain,Included,Included,No,No,,,2025 Honda Civic Hatchback
,22,Bpatrick14,4/7/2026,6/12/2026,,Unknown,Purchase,FL,Performance,Yes,Glacier White,Black Crater Signature,20” Black Sand All-Terrain,Included,Included,No,No,No,,Tesla model 3 performance 
,23,Rvn4Life,3/7/2024,6/11/2026,,4 - 8 weeks,Purchase,IL,Performance,Yes,Catalina Cove,Black Crater Signature,21” Liquid Tungsten All-Season,Included,Included,No,Yes,No,R1S,
,24,teddyang,3/7/2024,6/13/2026,01930,7/27/2026,Purchase,CA,Performance,Yes,Launch Green,Black Crater Signature,21” Liquid Tungsten All-Season,Included,Included,Yes,Yes,Yes,R1T,
,25,OptimusRivian,5/25/2026,5/25/2026,,Unknown,Purchase,PA,Performance,Yes,Launch Green,Black Crater Signature,21” Liquid Tungsten All-Season,Included,Included,No,No,,,Tesla Model 3 AWD
,26,Emacculant,3/7/2024,6/14/2026,02377,07/20/26,Purchase,CA,Performance,Yes,Catalina Cove,Black Crater Signature,21” Liquid Tungsten All-Season,Included,Included,Yes,Yes,Yes,R1S,2021 Chevy equinox 
,27,RivianPGH,3/15/2024,6/9/2026,,4-8 weeks,Purchase,PA,Performance,Yes,Launch Green,Black Crater Signature,21” Liquid Tungsten All-Season,Included,Included,No,Yes,No,R1S,
,28,CatcoR2,,5/15/2026,,None ,Purchase,CA,Performance,Yes,Catalina Cove,Black Crater Signature,21” Liquid Tungsten All-Season,Included,Included,No,No,,,
,29,RealWheels EV,3/7/2024,6/16/2026,,4-8 Weeks,Purchase,IL,Performance,Yes,Catalina Cove,Black Crater Signature,21” Liquid Tungsten All-Season,Included,Included,No,Yes,Yes,Both,
,30,Coney129,12/29/2025,6/16/2026,,08/07/2026,Lease,PA,Performance,Yes,Launch Green,Black Crater Signature,20” Black Sand All-Terrain,Included,Included,No,Yes,No,R1S,
,31,staples,3/7/2024,6/16/2026,,August,Purchase,IL,Performance,Yes,Half Moon Grey,Coastal Cloud Signature,20” Black Sand All-Terrain,Included,Included,No,Yes,Yes,R1T,Tesla Model Y
,32,VegasWeezy,3/7/2024,6/16/2026,01619,7/17/2026,Purchase,NV,Performance,Yes,Half Moon Grey,Black Crater Signature,21” Liquid Tungsten All-Season,Included,Included,No,No,,,2022 Mach e
,33,Dark-Fx,3/7/2024,6/16/2026,X1423,6/29/26,Purchase,MI,Performance,Yes,Launch Green,Black Crater Signature,21” Liquid Tungsten All-Season,Included,Included,Yes,Yes,Yes,Both,"GMC Sierra EV, Livewire One"
,34,Crab,3/7/2024,6/16/2026,01643,6/29,Purchase,IL,Performance,Yes,Catalina Cove,Black Crater Signature,20” Black Sand All-Terrain,Included,Included,No,No,,,2024 Cadillac Lyriq 
,35,emroch,3/7/2024,6/16/2026,02468,8/11/2026,Purchase,TX,Performance,Yes,Launch Green,Black Crater Signature,20” Black Sand All-Terrain,Included,Included,No,No,,,"Nissan Altima, Chevy Equinox"
,36,Honorz81,3/7/2024,6/10/2026,,N/A,Purchase,OR,Performance,Yes,Catalina Cove,Black Crater Signature,20” Black Sand All-Terrain,Included,Included,No,Yes,,Both,911S
,37,budman,3/7/2024,6/16/2026,X1588,6/29/26,Purchase,MN,Performance,Yes,Glacier White,Black Crater Signature,21” Liquid Tungsten All-Season,Included,Included,Yes,Yes,Yes,R1T,Volvo XC40 Recharge
,38,Pointful,3/7/2024,6/16/2026,,4-8 weeks,Purchase,AZ,Performance,Yes,Launch Green,Black Crater Signature,20” Black Sand All-Terrain,Included,Included,Yes,No,,,"Tesla Model 3, Hyundai Santa Cruz"
,39,fastwheels,3/7/2024,6/16/2026,X2186,8/5/2026,Purchase,MI,Performance,Yes,Catalina Cove,Black Crater Signature,21” Liquid Tungsten All-Season,Included,Included,Yes,Yes,No,R1T,"Cadillac Optiq, Corvette Z06"
,40,ksnyd72,3/7/2024,6/16/2026,,NA,Purchase,MN,Performance,Yes,Catalina Cove,Black Crater Signature,20” Black Sand All-Terrain,Included,Included,No,No,,,Bolt EUV
,41,DaveA,3/7/2024,6/16/2026,,4-8 Weeks,Purchase,TX,Performance,Yes,Catalina Cove,Black Crater Signature,21” Liquid Tungsten All-Season,Included,Included,Yes,Yes,Undecided,R1T,
,42,crunchysue,9/2/2024,6/16/2026,,6-8 weeks,Purchase,OR,Performance,Yes,Catalina Cove,Black Crater Signature,20” Black Sand All-Terrain,Included,Included,No,Yes,No,R1S,2003 4Runner
,43,solidbrix,3/13/2026,6/16/2026,04263,5-6 Weeks,Purchase,VA,Performance,Yes,Launch Green,Black Crater Signature,20” Black Sand All-Terrain,Included,Included,Yes,No,No,,Toyota Land Cruiser
,44,R1TCA,3/7/2024,6/16/2026,01926,4-8wks,Purchase,CA,Performance,Yes,Midnight,Black Crater Signature,21” Liquid Tungsten All-Season,Included,Included,No,Yes,Yes,R1T,Also leasing an r1t we will sell 3rd party
,45,windblowlc,3/7/2024,6/16/2026,,unknown,Purchase,WV,Performance,Yes,Launch Green,Coastal Cloud Signature,21” Liquid Tungsten All-Season,Included,Included,No,Yes,Yes,R1S,"Porsche 911 Turbo S, Porsche Cayenne Turbo Coupe"
,46,Kurtlikevonnegut,3/7/2024,6/16/2026,,6 weeks,Purchase,SC,Performance,Yes,Launch Green,Black Crater Signature,20” Black Sand All-Terrain,Included,Included,No,Yes,No,R1S,
,47,bentsauce,3/7/2024,6/16/2026,02579,08/01/2026,Purchase,WA,Performance,Yes,Catalina Cove,Black Crater Signature,21” Liquid Tungsten All-Season,Included,Included,No,Yes,Yes,R1S,Subaru Outback
,48,derekmw,2/18/2025,6/16/2026,,07/14/2026,Purchase,CA,Performance,Yes,Launch Green,Black Crater Signature,20” Black Sand All-Terrain,Included,Included,No,Yes,Yes,R1T,Tesla Model 3
,49,jabbahop,3/7/2024,6/16/2026,01364,"July 11, 2026",Purchase,VT,Performance,Yes,Half Moon Grey,Black Crater Signature,21” Liquid Tungsten All-Season,Included,Included,No,Yes,No,R1S,bmw i3
,50,cthelan,3/7/2024,6/16/2026,02158,"Aug 7, 2026",Purchase,OR,Performance,Yes,Catalina Cove,Black Crater Signature,20” Black Sand All-Terrain,Included,Included,Yes,Yes,Yes,Both,
,51,crp6789,3/7/2024,6/16/2026,,4-8 weeks,Purchase,RI,Performance,Yes,Launch Green,Black Crater Signature,20” Black Sand All-Terrain,Included,Included,No,Yes,No,R1S,2019 VW Alltrack
,52,NCSWA,3/18/2024,6/16/2026,01330,July 11th-17th,Purchase,NC,Performance,Yes,Glacier White,Black Crater Signature,21” Liquid Tungsten All-Season,Included,Included,No,Yes,No,R1T,"BMW X5, Jeep Wrangler Rubicon"
,53,Getrandom,3/7/2024,6/16/2026,02315,7/30/2026,Purchase,TX,Performance,Yes,Catalina Cove,Black Crater Signature,20” Black Sand All-Terrain,Included,Included,Yes,Yes,No,R1S,"F-150, Lexus RX"
,54,Wohly,3/7/2024,6/16/2026,01883,08/13/2026,Purchase,WA,Performance,Yes,Launch Green,Black Crater Signature,20” Black Sand All-Terrain,Included,Included,No,Yes,Yes,R1T,Lucid Air
,55,redditnewb92,3/16/2026,6/10/2026,01192,"July 11, 2026",Purchase,TX,Performance,Yes,Launch Green,Black Crater Signature,21” Liquid Tungsten All-Season,Included,Included,No,No,,,Ford Mach-E
,56,Eddiec29,3/7/2024,6/16/2026,,4-8 Weeks,Purchase,CA,Performance,Yes,Catalina Cove,Black Crater Signature,21” Liquid Tungsten All-Season,Included,Included,No,Yes,No,R1S,Tesla model y
,57,TheLTrain,3/29/2025,6/17/2026,X1421,"July 24, 2026",Purchase,CA,Performance,Yes,Catalina Cove,Black Crater Signature,21” Liquid Tungsten All-Season,Included,Included,No,Yes,Yes,R1T,
,58,andisimose,3/7/2024,6/16/2026,,4-6 Weeks,Purchase,NC,Performance,Yes,Catalina Cove,Black Crater Signature,21” Liquid Tungsten All-Season,Included,Included,No,Yes,Yes,R1S,
,59,BPMCC503,3/8/2024,6/17/2026,X1422,7/10/26,Purchase,PA,Performance,Yes,Half Moon Grey,Black Crater Signature,21” Liquid Tungsten All-Season,Included,Included,Yes,No,,,
,60,oliv3f,3/7/2024,6/17/2026,,4-8 weeks,Purchase,OH,Performance,Yes,Catalina Cove,Black Crater Signature,21” Liquid Tungsten All-Season,Included,Included,No,Yes,Yes,R1S,Lease Ending on Chevy Equinox EV
,61,California Gold,3/7/2024,6/17/2026,02117,07/20/2026,Purchase,CA,Performance,Yes,Catalina Cove,Black Crater Signature,21” Liquid Tungsten All-Season,Included,Included,No,No,,,"Lucid Gravity, Lucid Air, Tesla Model 3"
,62,Eric9610,3/7/2024,6/16/2026,02617,08/06/2026,Purchase,CA,Performance,Yes,Launch Green,Black Crater Signature,21” Liquid Tungsten All-Season,Included,Included,No,Yes,No,R1T,
,63,Revin,3/7/2024,6/16/2026,X2607,08/04/2026,Purchase,VT,Performance,Yes,Catalina Cove,Black Crater Signature,20” Black Sand All-Terrain,Included,Included,Yes,Yes,Yes,R1T,2015 BMW 335i
,64,Ajax,3/14/2024,6/16/2026,02444,8/12/26,Lease,VA,Performance,Yes,Catalina Cove,Black Crater Signature,21” Liquid Tungsten All-Season,Included,Included,No,Yes,No,R1S,21 mustang mach-e
,65,OhioR1T,3/7/2024,6/17/2026,01543,6/30/2026,Purchase,OH,Performance,Yes,Glacier White,Black Crater Signature,20” Black Sand All-Terrain,Included,Included,No,Yes,Yes,R1T,BMW X7
,66,jtm1631,3/7/2024,6/17/2026,X2517,Not Provided,Purchase,CO,Performance,Yes,Catalina Cove,Black Crater Signature,20” Black Sand All-Terrain,Included,Included,No,No,,,Land Rover Defender and Lexus RX500H
,67,dduffey,3/7/2024,6/17/2026,00738,7/18/2026,Purchase,TX,Performance,Yes,Catalina Cove,Black Crater Signature,21” Liquid Tungsten All-Season,Included,Included,Yes,Yes,Yes,R1T,
,68,TMc26,3/7/2024,6/17/2026,04760,8/14/2026,Purchase,NY,Performance,Yes,Launch Green,Black Crater Signature,20” Black Sand All-Terrain,Included,Included,No,Yes,No,R1S,2023 Tesla Model Y Performance
,69,Ti3vom,3/7/2024,6/17/2026,02777,8/6/2027,Purchase,PA,Performance,Yes,Catalina Cove,Black Crater Signature,21” Liquid Tungsten All-Season,Included,Included,No,Yes,Yes,R1S,
,70,jeremys,3/7/2024,6/16/2026,,4-8 weeks,Lease,NY,Performance,Yes,Launch Green,Black Crater Signature,21” Liquid Tungsten All-Season,Included,Included,No,Yes,Yes,R1S,"Model X, Model Y, 911. On my second R1S :)"
,71,GraniteWatt,3/7/2024,6/17/2026,03269,8-12 Weeks,Purchase,CA,Performance,Yes,Esker Silver,Black Crater Signature,21” Liquid Tungsten All-Season,Included,Included,No,No,No,,Mercedes EQB
,72,KCP,5/31/2026,6/17/2026,01888,"4-8 weeks(org), 9 weeks (act) 8/19",Purchase,DE,Performance,Yes,Launch Green,Black Crater Signature,21” Liquid Tungsten All-Season,Included,Included,No,No,,,Kia EV9
,73,ahan92,3/7/2024,6/17/2026,01010,7/14/2026,Purchase,MA,Performance,Yes,Catalina Cove,Black Crater Signature,20” Black Sand All-Terrain,Included,Included,No,Yes,No,R1T,"‘15 Toyota Tacoma, ‘21 Subaru Outback"
,74,aak7268,2/19/2026,6/17/2026,,2-6 weeks,Purchase,FL,Performance,Yes,Half Moon Grey,Black Crater Signature,21” Liquid Tungsten All-Season,Yes,Yes,No,No,,,Bolt EUV
,75,RivianTrackr,3/7/2024,6/16/2026,,2-4 weeks,Purchase,FL,Performance,Yes,Launch Green,Black Crater Signature,20” Black Sand All-Terrain,Included,Included,No,Yes,Yes,Both,
,76,tigabalm,9/4/2024,6/17/2026,X1700,4 - 8 weeks,Purchase,WA,Performance,Yes,Glacier White,Black Crater Signature,21” Liquid Tungsten All-Season,Included,Included,No,No,,,Audi e tron
,77,Super_Dave,3/7/2024,6/17/2026,,4-8 weeks,Purchase,AZ,Performance,Yes,Half Moon Grey,Black Crater Signature,21” Liquid Tungsten All-Season,Included,Included,No,Yes,Yes,R1S,"Kia Sportage, Pontiac Firebird, Chevrolet Camaro, "
,78,jspalyl,3/7/2024,7/8/2026,X2351,7/31/26,Purchase,MD,Performance,Yes,Catalina Cove,Black Crater Signature,20” Black Sand All-Terrain,Included,Included,No,Yes,No,R1T,Hyundai Ioniq 5
,79,SANZC02,6/7/2024,6/17/2026,X1915,7/21/2026,Purchase,CA,Performance,Yes,Glacier White,Black Crater Signature,21” Liquid Tungsten All-Season,Included,Included,Yes,Yes,Yes,R1S,Tesla Model S
,80,Huta,3/7/2024,6/16/2026,01529,"July 8, 2026",Purchase,MO,Performance,Yes,Catalina Cove,Black Crater Signature,20” Black Sand All-Terrain,Included,Included,No,Yes,Yes,Both,
,81,PracticalRivian,3/7/2024,6/16/2026,,4-6 weeks,Purchase,SC,Performance,Yes,Launch Green,Black Crater Signature,20” Black Sand All-Terrain,Included,Included,No,Yes,Yes,R1T,
,82,RIVIANITUS,3/7/2024,6/16/2026,,4-8 weeks,Purchase,CA,Performance,Yes,Catalina Cove,Black Crater Signature,21” Liquid Tungsten All-Season,Included,Included,No,No,,,
,83,andymoog,3/7/2024,6/16/2026,01474,4-8 weeks,Purchase,CA,Performance,Yes,Half Moon Grey,Black Crater Signature,20” Black Sand All-Terrain,Included,Included,No,No,,,
,84,Nils33919,3/7/2024,6/9/2026,XX876,none,Purchase,FL,Performance,Yes,Half Moon Grey,Black Crater Signature,21” Liquid Tungsten All-Season,Included,Included,Yes,Yes,No,R1S,Aston Martin Vantage
,85,R1Truck,3/7/2024,6/18/2026,X4481,8-28-26,Purchase,TX,Performance,Yes,Launch Green,Black Crater Signature,20” Black Sand All-Terrain,Included,Included,Yes,Yes,No,R1T,
,86,chrisc_al,7/12/2024,6/17/2026,02875,8/8/2026,Lease,AL,Performance,Yes,Catalina Cove,Black Crater Signature,21” Liquid Tungsten All-Season,Included,Included,No,No,,,Tesla Model Y 2024 & 2026
,87,CWQ93R,3/7/2024,6/17/2026,XX021,8/6,Purchase,CA,Performance,Yes,Catalina Cove,Black Crater Signature,21” Liquid Tungsten All-Season,Included,Included,No,No,,,
,88,Ok-Opposite1743,3/7/2024,6/17/2026,X1516,Demo this Saturday no delivery date yet vehicle going thru final quality control,Purchase,CA,Performance,Yes,Launch Green,Black Crater Signature,20” Black Sand All-Terrain,Included,Included,No,No,No,,Volvo C40 lease returned 6/3/26.  Audi q4 
,89,Bonedaddy,3/7/2024,6/17/2026,01665,7/17/26,Purchase,NC,Performance,Yes,Glacier White,Black Crater Signature,20” Black Sand All-Terrain,Included,Included,Yes,Yes,Yes,R1T,Tesla model 3
,90,Cthomp88,3/7/2024,6/16/2026,,June 30-July 28,Lease,GA,Performance,Yes,Launch Green,Black Crater Signature,21” Liquid Tungsten All-Season,Included,Included,No,Yes,Yes,R1T,
,91,-0—0-R2,6/8/2026,6/17/2026,02820,4-8 Weeks,Purchase,TX,Performance,Yes,Midnight,Black Crater Signature,21” Liquid Tungsten All-Season,Included,Included,No,No,No,,Toyota RAV4 Hybrid XSE / Honda CRV Hybrid Sport Touring  
,92,Chewie904,3/7/2024,6/20/2026,XXXX0,0,Purchase,NY,Performance,Yes,Catalina Cove,Black Crater Signature,20” Black Sand All-Terrain,Included,Included,No,Yes,Yes,R1S,"2000 Jeep XJ, 2002 Jeep TJ, 1958 Willys Pickup, 1979 International Scout II"
,93,Wbreza,3/7/2024,6/17/2026,01471,07/18/2026,Purchase,WA,Performance,Yes,Midnight,Black Crater Signature,20” Black Sand All-Terrain,Included,Included,No,Yes,Yes,R1S,
,94,acoll78,3/7/2024,6/16/2026,00766,23JUN2026,Purchase,VA,Performance,Yes,Catalina Cove,Black Crater Signature,21” Liquid Tungsten All-Season,Included,Included,No,No,,,Tesla M3
,95,bidask,12/22/2024,6/15/2026,,6-8 wks,Purchase,HI,Performance,Yes,Catalina Cove,Black Crater Signature,21” Liquid Tungsten All-Season,Included,Included,No,No,,,Tesla Model Y
,96,JediKnight,3/7/2024,6/21/2026,01561,8/7/26,Purchase,CA,Performance,Yes,Catalina Cove,Black Crater Signature,21” Liquid Tungsten All-Season,Included,Included,No,No,No,R1S,BMW iX
,97,f0xcr4n3,4/12/2025,6/18/2026,02098,8/12/2026,Purchase,ID,Performance,Yes,Catalina Cove,Black Crater Signature,21” Liquid Tungsten All-Season,Included,Included,No,No,,,2024 Chevy Equinox EV - Leased
,98,EvoKnvl,3/7/2024,6/16/2026,02429,08/13/26,Purchase,CA,Performance,Yes,Launch Green,Black Crater Signature,20” Black Sand All-Terrain,Included,Included,No,No,,,"BMW 1M, Ioniq 5N, Tesla Model Y"
,99,VeilanceSL,3/7/2024,6/17/2026,,4-8weeks,Purchase,CA,Performance,Yes,Launch Green,Black Crater Signature,20” Black Sand All-Terrain,Included,Included,No,No,,,2023 Tesla MYP
,100,NitroNick,3/7/2024,6/19/2026,02805,8/11,Purchase,CO,Performance,Yes,Catalina Cove,Black Crater Signature,20” Black Sand All-Terrain,Included,Included,Yes,Yes,No,R1T,Crosstrek
,101,donguanella,3/7/2024,6/16/2026,01627,"July 15, 2026",Purchase,CA,Performance,Yes,Half Moon Grey,Black Crater Signature,21” Liquid Tungsten All-Season,Yes,Yes,No,Yes,Yes,Both,
,102,TXKidd,3/7/2024,6/22/2026,04988,08/2026,Purchase,CO,Performance,Yes,Launch Green,Black Crater Signature,20” Black Sand All-Terrain,Included,Included,No,Yes,No,R1T,Toyota Highlander Hybrid
,103,ragemule,4/2/2024,6/17/2026,01459,6/30,Lease,MS,Performance,Yes,Half Moon Grey,Black Crater Signature,21” Liquid Tungsten All-Season,Included,Included,Yes,No,,,model 3
,104,Rwilson06,2/11/2026,6/17/2026,X1273,6/26/26,Purchase,FL,Performance,Yes,Glacier White,Black Crater Signature,21” Liquid Tungsten All-Season,Yes,Yes,No,No,,,Tesla Model Y
,105,ealberton,5/7/2024,6/15/2026,01551,July 24 2026,Purchase,OR,Performance,Yes,Half Moon Grey,Black Crater Signature,21” Liquid Tungsten All-Season,Included,Included,No,Yes,No,R1S,
,106,R1Thrilled,3/7/2024,6/16/2026,01477,7/10/2026,Purchase,TN,Performance,Yes,Launch Green,Black Crater Signature,20” Black Sand All-Terrain,Included,Included,No,Yes,No,R1T,2023 Model Y LR AWD
,107,jholshev,1/5/2025,6/17/2026,,2-6 weeks...,Purchase,TX,Performance,Yes,Esker Silver,Black Crater Signature,21” Liquid Tungsten All-Season,Included,Included,No,No,,,"Tesla, Audi"
,108,KLB185,3/7/2024,6/16/2026,01573,6/30/26,Purchase,PA,Performance,Yes,Half Moon Grey,Black Crater Signature,21” Liquid Tungsten All-Season,Included,Included,No,Yes,No,R1S,
,109,mclark2112,3/7/2024,6/24/2026,X5002,08/14/2026,Purchase,NJ,Performance,Yes,Launch Green,Black Crater Signature,20” Black Sand All-Terrain,Included,Included,No,No,,R1S,BMW i4 and X5
,110,DMARTIN,5/7/2024,6/23/2026,02073,7/20/26,Purchase,CA,Performance,Yes,Glacier White,Black Crater Signature,21” Liquid Tungsten All-Season,Included,Included,No,Yes,Yes,Both,Sierra EV
,111,CaliR2,4/28/2026,6/17/2026,02293,7/25/2026,Lease,CA,Performance,Yes,Launch Green,Black Crater Signature,21” Liquid Tungsten All-Season,Included,Included,No,No,,,2026 Tesla Model 3
,112,Bobby Brainman,9/20/2025,6/20/2026,01857,TBD,Purchase,MA,Performance,Yes,Half Moon Grey,Black Crater Signature,20” Black Sand All-Terrain,Included,Included,Yes,No,,,
,113,lmr,3/7/2024,6/21/2026,03324,"September 02, 2026",Purchase,OR,Performance,Yes,Esker Silver,Black Crater Signature,20” Black Sand All-Terrain,Included,Included,Yes,Yes,No,R1S,
,114,Tempest,3/7/2024,6/24/2026,02125,7/21/26,Purchase,CA,Performance,Yes,Half Moon Grey,Black Crater Signature,20” Black Sand All-Terrain,Yes,Included,Yes,No,,,MY
,115,AZMeister,7/10/2025,6/16/2026,02682,TBD,Purchase,AZ,Performance,Yes,Catalina Cove,Black Crater Signature,21” Liquid Tungsten All-Season,Included,Included,Yes,Yes,No,R1S,
,116,bravozulu,4/12/2022,6/12/2026,03200,4 weeks,Purchase,NV,Performance,Yes,Esker Silver,Black Crater Signature,21” Liquid Tungsten All-Season,Yes,Yes,No,No,,,Tesla Model Y
,117,RoadTripTime,3/11/2024,6/17/2026,02539,8/17/26,Purchase,WA,Performance,Yes,Launch Green,Black Crater Signature,20” Black Sand All-Terrain,Included,Included,No,No,,,Toyota 4Runner
,118,PlugAndPlay,5/3/2026,6/23/2026,01919,June 29-30,Purchase,MO,Performance,Yes,Half Moon Grey,Black Crater Signature,21” Liquid Tungsten All-Season,Included,Included,No,No,,,"2023 Honda Pilot, 2022 Mercedes Sprinter"
,119,Redmond Chad,3/7/2024,6/25/2026,X3323,08/28/2026,Purchase,WA,Performance,Yes,Esker Silver,Black Crater Signature,21” Liquid Tungsten All-Season,Included,Included,No,Yes,No,R1S,Tesla X; Brightdrop 600
,120,Dustymonkey,3/7/2024,6/18/2026,,4-12 weeks,Purchase,WI,Performance,Yes,Esker Silver,Black Crater Signature,20” Black Sand All-Terrain,Included,Included,No,No,,,Tesla model 3
,121,Ddowns2050,3/7/2024,6/16/2026,00802,06/30/2026,Purchase,MO,Performance,Yes,Half Moon Grey,Black Crater Signature,21” Liquid Tungsten All-Season,Included,Included,No,Yes,Yes,Both,Tesla model S   C8 corvette HTC
,122,Timbuk2000,3/7/2024,6/16/2026,01003,7/10/26,Purchase,AZ,Performance,Yes,Catalina Cove,Black Crater Signature,20” Black Sand All-Terrain,Yes,Yes,No,Yes,Yes,R1S,Prius V
,123,SP_LimitReviews,3/7/2024,6/16/2026,01021,2 to 4 weeks,Purchase,FL,Performance,Yes,Catalina Cove,Black Crater Signature,20” Black Sand All-Terrain,Included,Included,No,Yes,No,Both,Leased 
,124,JT7,3/24/2024,6/24/2026,01667,07/24/2026,Purchase,AZ,Performance,Yes,Glacier White,Black Crater Signature,20” Black Sand All-Terrain,Included,Included,No,No,,,Mazda CX-5
,125,znw,3/7/2024,6/16/2026,03180,"August 18, 2026",Purchase,UT,Performance,Yes,Esker Silver,Black Crater Signature,21” Liquid Tungsten All-Season,Included,Included,No,No,,,Nissan Ariya
,126,EV_DAN,3/27/2024,6/28/2026,03112,8/15/2026,Purchase,AZ,Performance,Yes,Esker Silver,Black Crater Signature,20” Black Sand All-Terrain,Included,Included,Yes,No,,,"2024 Tesla Model 3, 2012 Nissan Xterra"
,127,Jacen2y,11/20/2024,6/21/2026,02206,7/23/26,Purchase,CA,Performance,Yes,Half Moon Grey,Black Crater Signature,21” Liquid Tungsten All-Season,Included,Included,No,No,,,"Tesla M3, Hyundai Ioniq 5"
,128,Timbuk2000,3/7/2024,6/16/2026,01003,7/10/26,Purchase,AZ,Performance,Yes,Catalina Cove,Black Crater Signature,20” Black Sand All-Terrain,Yes,Yes,No,Yes,Yes,R1S,Prius V
,129,acen,3/7/2024,6/17/2026,X2100,End of July,Purchase,CA,Performance,Yes,Catalina Cove,Black Crater Signature,21” Liquid Tungsten All-Season,Included,Included,Yes,Yes,Yes,R1T,
,130,ABFEVTX,2/14/2026,6/28/2026,X3000,08/15/2026,Purchase,TX,Performance,Yes,Esker Silver,Black Crater Signature,20” Black Sand All-Terrain,Included,Included,No,No,,,"Model Y, Model 3"
,131,zmayer,3/7/2024,6/30/2026,,Not Given,Purchase,FL,Performance,Yes,Launch Green,Black Crater Signature,21” Liquid Tungsten All-Season,Included,Included,No,No,,,Ioniq 5 and Mercedes GLA
,132,Xyxyxy,3/12/2024,6/18/2026,01893,4-8 weeks,Lease,PA,Performance,Yes,Catalina Cove,Black Crater Signature,21” Liquid Tungsten All-Season,Included,Included,Yes,No,,,
,133,macgoober,3/7/2024,6/19/2026,01061,TBD,Purchase,AZ,Performance,Yes,Half Moon Grey,Black Crater Signature,21” Liquid Tungsten All-Season,Included,Included,No,No,,,Tesla Model Y
,134,benjer95,3/7/2023,6/30/2026,X2934,8/6/26,Lease,IL,Performance,Yes,Catalina Cove,Black Crater Signature,21” Liquid Tungsten All-Season,Included,Included,No,No,,,Tesla Model Y Juniper and Polestar 3
,135,tintin007,3/7/2024,3/7/2024,,August - September,Purchase,CA,Premium,No,Half Moon Grey,Coastal Cloud Signature,20” Black Sand All-Terrain,Yes,No,No,No,,,
,136,tierneyalvin,3/7/2024,7/27/2026,01690,4-8 weeks,Purchase,CA,Performance,Yes,Catalina Cove,Black Crater Signature,21” Liquid Tungsten All-Season,Included,Included,No,No,,,Tesla Model Y Performance 
,137,exlegalalien,1/26/2026,6/30/2026,02300,07/15/2026,Purchase,IL,Performance,Yes,Launch Green,Black Crater Signature,21” Liquid Tungsten All-Season,Included,Included,No,No,,,Hyundai Ioniq 5
,138,atticuspf,1/1/2025,6/30/2025,02257,7/25/2026,Lease,NC,Performance,Yes,Launch Green,Black Crater Signature,20” Black Sand All-Terrain,Included,Included,No,No,,,
,139,StefCT,3/7/2024,7/2/2026,04337,08/13/26,Purchase,CT,Performance,Yes,Catalina Cove,Black Crater Signature,21” Liquid Tungsten All-Season,Included,Included,No,Yes,No,R1S,"Porsche 911, Mercedes SL450, BMW i4"
,140,VMI9d3,3/14/2026,7/3/2026,02130,13 Aug 2026,Purchase,MD,Performance,Yes,Catalina Cove,Black Crater Signature,20” Black Sand All-Terrain,Included,Included,No,No,,,EV6; Sportage PHEV
,141,Adagia,2/11/2026,7/3/2026,02275,13 Aug '26,Purchase,WA,Performance,Yes,Catalina Cove,Black Crater Signature,20” Black Sand All-Terrain,Yes,Yes,No,No,,,"Mazda CX-5, Chevy Bolt"
,142,mcjohnson ,3/7/2024,6/17/2026,,In pre-production ,Purchase,MN,Performance,Yes,Esker Silver,Black Crater Signature,20” Black Sand All-Terrain,Included,Included,No,Yes,No,R1T,Honda Element 
,143,Mimijt,5/25/2026,6/16/2026,XX816,7/72026,Lease,OR,Performance,Yes,Glacier White,Black Crater Signature,21” Liquid Tungsten All-Season,Included,Included,No,No,,,
,144,javy06,3/7/2024,7/4/2026,01695,07/28/2026,Purchase,CA,Performance,Yes,Half Moon Grey,Black Crater Signature,21” Liquid Tungsten All-Season,Included,Included,No,No,,,
,145,R1v1^N,6/3/2026,7/7/2026,,4-8 Weeks,Purchase,TX,Performance,Yes,Launch Green,Black Crater Signature,21” Liquid Tungsten All-Season,Included,Included,No,No,,,"Tesla, Kia Niro"
,146,jwillebrand,3/27/2026,7/8/2026,05353,8/26/26,Purchase,PA,Performance,Yes,Launch Green,Black Crater Signature,21” Liquid Tungsten All-Season,Included,Included,No,No,,,"BMW iX, Hundai Santa Fe Hybrid"
,147,mclark2112,3/7/2024,6/24/2026,X5002,08/14/2026,Purchase,NJ,Performance,Yes,Launch Green,Black Crater Signature,20” Black Sand All-Terrain,Included,Included,No,No,,,"BMW i4, X5"
,148,sfjallan,1/29/2026,6/18/2026,01752,07/282026,Lease,CA,Performance,Yes,Half Moon Grey,Black Crater Signature,20” Black Sand All-Terrain,Included,Included,Yes,No,,,23 Audi A4 (lease expiring 7/17/26)
,149,Riv Raider,5/11/2026,11/1/2026,,Nov/Dec 2026,Purchase,NV,Performance,Yes,Esker Silver,Coastal Cloud Signature,20” Black Sand All-Terrain,Included,Included,No,No,,,"Tesla M3, Kia Stinger"
,150,DonkeyKong,3/7/2024,6/15/2026,,2 -6 Weeks,Purchase,MN,Performance,Yes,Launch Green,Black Crater Signature,20” Black Sand All-Terrain,Included,Included,No,Yes,No,R1S,
,151,SmorOfNaivir,3/7/2024,6/16/2026,02678,unknown,Purchase,FL,Performance,Yes,Catalina Cove,Black Crater Signature,21” Liquid Tungsten All-Season,Included,Included,No,Yes,No,R1T,
,152,banterability,3/7/2024,6/20/2026,,07/30/2026,Purchase,IL,Performance,Yes,Catalina Cove,Black Crater Signature,21” Liquid Tungsten All-Season,Included,Included,No,No,,,BMW X1
,153,jordan34,3/7/2024,7/8/2026,04506,8/29/26,Purchase,CA,Performance,Yes,Launch Green,Black Crater Signature,20” Black Sand All-Terrain,Included,Included,No,Yes,No,R1S,
,154,CAholder,3/7/2024,6/17/2026,X1341,"July 18th, 2026",Purchase,CA,Performance,Yes,Catalina Cove,Black Crater Signature,21” Liquid Tungsten All-Season,Yes,Included,No,Yes,No,Both,
,155,SuperFeisty,6/28/2026,6/30/2026,,Nov - Dec 2026,Purchase,TN,Performance,Yes,Forest Green,Black Crater Signature,21” Liquid Tungsten All-Season,Included,Included,No,No,,,2020 BMW X3 m40i
,156,electron1991,4/27/2026,7/9/2026,02103,Week of August 3rd,Purchase,CA,Performance,Yes,Catalina Cove,Black Crater Signature,21” Liquid Tungsten All-Season,Included,Included,No,No,No,,Cadillac Lyriq
,157,a9967,2/27/2026,7/2/2026,,4-8 Weeks,Purchase,CT,Performance,Yes,Catalina Cove,Black Crater Signature,20” Black Sand All-Terrain,Included,Included,No,No,,,
,158,mstarktv,4/19/2026,6/18/2026,00847,"June 25, 2026",Lease,GA,Performance,Yes,Catalina Cove,Black Crater Signature,21” Liquid Tungsten All-Season,Yes,Included,No,No,,,Volvo C40 Recharge
,159,Ybba,3/13/2026,6/28/2026,00794,Late July,Purchase,NJ,Performance,Yes,Catalina Cove,Black Crater Signature,21” Liquid Tungsten All-Season,Included,Included,No,No,,,
,160,THK808,6/24/2026,7/14/2026,01949,8/13/2026,Lease,ID,Performance,Yes,Glacier White,Black Crater Signature,20” Black Sand All-Terrain,Included,Included,No,No,,,
,161,huebetcha,12/4/2024,7/14/2026,02006,TBD,Purchase,NY,Performance,Yes,Half Moon Grey,Black Crater Signature,21” Liquid Tungsten All-Season,Included,Included,No,No,,,
,162,Polestar3,6/30/2026,7/14/2026,01617,07/25/26,Purchase,IL,Performance,Yes,Half Moon Grey,Black Crater Signature,20” Black Sand All-Terrain,Included,Included,No,No,,,
,163,robstilltrippin,3/7/2024,7/14/2026,,9/3/2026,Purchase,AZ,Performance,Yes,Launch Green,Black Crater Signature,20” Black Sand All-Terrain,Included,Included,No,No,,,BMW M440I
,164,Josh X,6/8/2026,7/14/2026,,4-8 Weeks,Purchase,AL,Performance,Yes,Glacier White,Black Crater Signature,20” Black Sand All-Terrain,Included,Included,No,Yes,No,R1T,Tesla Model Y
,165,Ajax,,6/16/2026,02444,8/12/26,Lease,VA,Performance,Yes,Catalina Cove,Black Crater Signature,21” Liquid Tungsten All-Season,Included,Included,No,Yes,No,R1S,
,166,dysect,5/28/2026,6/17/2026,X1035,6/23/2026,Purchase,MD,Performance,Yes,Launch Green,Black Crater Signature,21” Liquid Tungsten All-Season,Included,Included,No,No,,,"Model-y traded in for R2. Jeep Gladiator, R8 v10+"
,167,MPW81,3/7/2024,7/14/2026,X4478,8/21/26,Purchase,CO,Performance,Yes,Catalina Cove,Black Crater Signature,21” Liquid Tungsten All-Season,Included,Included,No,Yes,No,R1T,
,168,Tep's Toon,7/24/2024,7/14/2026,X1955,7-30-26,Purchase,NJ,Performance,Yes,Half Moon Grey,Black Crater Signature,21” Liquid Tungsten All-Season,Included,Included,No,No,,,Tesla Model Y
,169,FlightDoc,8/5/2024,6/18/2026,02614,31 Jul 26,Purchase,CO,Performance,Yes,Catalina Cove,Black Crater Signature,20” Black Sand All-Terrain,Included,Included,No,Yes,Yes,R1T,Cadillac Lyriq
,170,travisatwood,3/7/2024,7/14/2026,02160,8/10/2026,Purchase,CO,Performance,Yes,Catalina Cove,Black Crater Signature,20” Black Sand All-Terrain,Included,Included,Yes,Yes,No,R1T,
,171,TKO27,6/17/2026,7/10/2026,03041,4-8 Weeks,Purchase,CA,Performance,Yes,Midnight,Black Crater Signature,21” Liquid Tungsten All-Season,Included,Included,No,No,,,Ariya (Nissan)
,172,SpeedDemon5,3/7/0204,7/15/2026,02040,7/28 pushed back 8/4/26,Purchase,MN,Performance,Yes,Glacier White,Black Crater Signature,20” Black Sand All-Terrain,Included,Included,No,Yes,Undecided,R1T,"R1T, Model Y"
,173,Dcuellar,2/2/2026,6/9/2026,X1151,6/14/2026,Purchase,GA,Performance,Yes,Launch Green,Black Crater Signature,21” Liquid Tungsten All-Season,Yes,Yes,Yes,No,,,Tesla model 3
,174,tkauftheil,3/7/2024,6/17/2026,03000,Beginning of Aug probably,Lease,MO,Performance,Yes,Catalina Cove,Black Crater Signature,21” Liquid Tungsten All-Season,Included,Included,No,Yes,No,R1S,
,175,yaanday,3/7/2024,7/17/2026,02812,unknown,Purchase,NY,Performance,Yes,Catalina Cove,Black Crater Signature,20” Black Sand All-Terrain,Included,Included,No,Yes,Undecided,R1T,Model Y 2026 LR RWD
,176,MGL,3/8/2024,6/16/2026,03257,8/14/2026,Purchase,AZ,Performance,Yes,Esker Silver,Black Crater Signature,21” Liquid Tungsten All-Season,Included,Included,Yes,No,,,"1972 VW BUG, Lexus 400h, Honda CR-V"
,177,wallycloud,3/7/2024,6/20/2026,X1792,Aug 08,Purchase,CA,Performance,Yes,Catalina Cove,Black Crater Signature,21” Liquid Tungsten All-Season,Included,Included,No,No,,,
,178,mcannon,2/17/2025,7/18/2026,,4-8 weeks,Purchase,CA,Performance,Yes,Half Moon Grey,Black Crater Signature,20” Black Sand All-Terrain,Included,Included,Yes,No,,,"Audi e-tron got, Audi Q7"
,179,joshua.trexler,3/7/2024,6/18/2026,X3356,end of July or early August,Purchase,GA,Performance,Yes,Esker Silver,Black Crater Signature,21” Liquid Tungsten All-Season,Yes,Yes,Yes,Yes,Yes,R1S,Jaguar I Pace
,180,Rice8007,3/7/2024,6/17/2026,04159,Not sure yet,Purchase,CO,Performance,Yes,Launch Green,Black Crater Signature,20” Black Sand All-Terrain,Included,Included,Yes,No,,,Mazda cx70 PHEV
,181,Dreher,3/7/2024,7/14/2026,X3341,TBD,Purchase,TX,Performance,Yes,Esker Silver,Black Crater Signature,21” Liquid Tungsten All-Season,Included,Included,No,Yes,No,R1T,Tesla Model Y
,182,Frocket,4/25/2025,6/17/2026,01966,"July 28, 2026",Lease,CA,Performance,Yes,Catalina Cove,Black Crater Signature,21” Liquid Tungsten All-Season,Included,Included,No,No,,,"Porsche Cayman GTS, Alfa Romeo Giulia Quadrifoglio"
,183,zugzug15,3/13/2026,6/30/2026,,4-8 weeks. ,Lease,CA,Performance,Yes,Launch Green,Black Crater Signature,21” Liquid Tungsten All-Season,Yes,Yes,No,Yes,Yes,R1T,Hyundai Ioniq 6. 
,184,buns,7/4/2026,7/4/2026,,November - December 2026,Purchase,UT,Performance,Yes,Forest Green,Coastal Cloud Signature,21” Liquid Tungsten All-Season,Included,Included,No,No,,,Mazda CX-5
,185,Lazrev,,3/2/2026,,November - December 2026,Purchase,WI,Performance,Yes,Half Moon Grey,Coastal Cloud Signature,20” Black Sand All-Terrain,Included,Included,No,No,,,Tesla Model Y LR
,186,FINArchitecture,3/7/2024,8/11/2026,X6890,Beginning of September ,Lease,CA,Performance,Yes,Catalina Cove,Black Crater Signature,21” Liquid Tungsten All-Season,Included,Included,No,No,,,Launch R1-T
,187,ngianne1986,1/8/2026,7/21/2026,,Not sure,Purchase,CA,Performance,Yes,Half Moon Grey,Black Crater Signature,21” Liquid Tungsten All-Season,Included,Included,No,No,No,,Sold car 
,188,dimzy,2/17/2026,6/30/2026,04994,8/13/2026,Purchase,MA,Performance,Yes,Launch Green,Black Crater Signature,21” Liquid Tungsten All-Season,Included,Included,No,No,,,
,189,Terri,3/16/2026,3/16/2026,,September - November ,Purchase,MD,Performance,Yes,Borealis,Coastal Cloud Signature,21” Liquid Tungsten All-Season,Included,Included,No,No,,,Toyota Camry
,190,clownsmashd,3/7/2024,7/14/2026,,unknown,Purchase,IL,Performance,Yes,Catalina Cove,Black Crater Signature,21” Liquid Tungsten All-Season,Included,Included,Yes,Yes,Yes,R1T,23 Chevy Bolt
,191,nyckkr,3/7/2024,6/17/2026,03348,08/07/2026,Purchase,NJ,Performance,Yes,Esker Silver,Black Crater Signature,21” Liquid Tungsten All-Season,Included,Included,No,Yes,Yes,Both,
,192,eventurefamily,3/7/2024,7/22/2026,,4-8 weeks,Purchase,NJ,Performance,Yes,Catalina Cove,Black Crater Signature,21” Liquid Tungsten All-Season,Included,Included,No,Yes,Yes,R1S,
,193,Northish,3/7/2024,7/22/2026,,4-8 weeks ,Purchase,WI,Performance,Yes,Catalina Cove,Black Crater Signature,21” Liquid Tungsten All-Season,Included,Included,Yes,Yes,Yes,R1T,Kia EV6
,194,Anonymous,6/12/2024,7/22/2026,,4-8 weeks,Purchase,WA,Performance,Yes,Catalina Cove,Black Crater Signature,20” Black Sand All-Terrain,Included,Included,No,No,,,
,195,pretzelsaremakingmethirsty,3/7/2024,6/10/2026,XX873,TBD,Lease,NC,Performance,Yes,Catalina Cove,Black Crater Signature,21” Liquid Tungsten All-Season,Included,Included,Yes,Yes,No,R1S,
,196,bremiclem,3/7/2024,6/13/2026,01509,7/18/2026,Purchase,TX,Performance,Yes,Half Moon Grey,Black Crater Signature,21” Liquid Tungsten All-Season,Included,Included,No,Yes,No,Both,
,197,dustlesswalnut,3/7/2024,7/22/2026,02757,2026-08-15,Purchase,CO,Performance,Yes,Catalina Cove,Black Crater Signature,20” Black Sand All-Terrain,Included,Included,No,No,,,None
,198,Snazzy Labs,3/7/2024,7/23/2026,01720,"July 28, 2026",Purchase,UT,Performance,Yes,Catalina Cove,Black Crater Signature,20” Black Sand All-Terrain,Included,Included,No,Yes,No,R1S,
,199,beyond,3/7/2024,7/14/2026,02169,8/2-8/20,Purchase,VA,Performance,Yes,Glacier White,Black Crater Signature,21” Liquid Tungsten All-Season,Included,Included,Yes,Yes,Yes,R1T,Tesla Model Y Performance
,200,R2Shan,3/7/2024,7/23/2026,01035,9/25/2026,Purchase,WA,Performance,Yes,Catalina Cove,Black Crater Signature,20” Black Sand All-Terrain,Included,Included,No,No,,,"EQS 580, M3"
,201,FL5guy,7/21/2026,7/23/2026,,No clue,Purchase,OH,Performance,Yes,Borealis,Coastal Cloud Signature,21” Liquid Tungsten All-Season,Included,Included,No,No,,,"Civic type R, Acura RDX"
,202,theroyalwe,2/12/2026,7/22/2026,,4-8 weeks,Purchase,PA,Performance,Yes,Catalina Cove,Coastal Cloud Signature,21” Liquid Tungsten All-Season,Included,Included,No,No,,,Volvo C40 Recharge
,203,MadMac,3/7/2025,7/14/2026,01923,Not assigned yet/2-4 weeks,Purchase,DC - District of Columbia,Performance,Yes,Midnight,Black Crater Signature,20” Black Sand All-Terrain,Included,Included,No,Yes,No,R1S,Tesla Model 3 (Stealth) Performance 
,204,Jmd1948,3/7/2024,7/22/2026,03279,8/31/2026,Purchase,CA,Performance,No,Esker Silver,Black Crater Signature,21” Liquid Tungsten All-Season,Yes,Yes,No,Yes,No,R1T,
,205,dingular,3/8/2024,7/22/2026,,Sept 2026,Lease,MA,Performance,Yes,Catalina Cove,Black Crater Signature,21” Liquid Tungsten All-Season,Included,Included,No,No,,,2023 Lucid Air Pure 
,206,KG8rBrown,11/28/2024,6/28/2026,X4748,08/15/26,Purchase,NC,Performance,Yes,Launch Green,Black Crater Signature,20” Black Sand All-Terrain,Yes,Yes,No,No,,,Infiniti G37 IPL
,207,fillyo,3/7/2024,7/7/2026,02064,07/27/2026,Purchase,IL,Performance,Yes,Half Moon Grey,Black Crater Signature,21” Liquid Tungsten All-Season,Included,Included,No,No,,,GLC43
,208,MJC,3/9/2024,6/9/2026,03204,8/10/2026,Purchase,CA,Performance,Yes,Esker Silver,Black Crater Signature,21” Liquid Tungsten All-Season,Included,Included,No,Yes,No,R1S,Tesla M3
,209,Kingston,3/7/2024,9/1/2026,,December 2026,Purchase,NY,Performance,Yes,Esker Silver,Black Crater Signature,20” Black Sand All-Terrain,Included,Included,No,Yes,Yes,R1T,Tesla MYP
,210,Ramfamnh,3/7/2024,7/28/2026,05720,8/31/2026,Purchase,NH,Performance,Yes,Catalina Cove,Black Crater Signature,21” Liquid Tungsten All-Season,Included,Included,No,Yes,Yes,R1T,
,211,Tampa_Rivian,3/7/2024,7/28/2026,,Not given,Purchase,FL,Performance,Yes,Catalina Cove,Coastal Cloud Signature,20” Black Sand All-Terrain,Included,Included,Yes,Yes,No,R1T,Kia EV9
,212,Ryanbac,,7/28/2026,07200,Delivery 9/5,Lease,AZ,Performance,Yes,Launch Green,Black Crater Signature,20” Black Sand All-Terrain,Included,Included,No,No,,,Tesla MYP
,213,Skigramps,3/7/2024,7/26/2026,,4-8 weeks ,Purchase,WI,Performance,Yes,Launch Green,Black Crater Signature,20” Black Sand All-Terrain,Yes,Yes,Yes,Yes,No,R1S,
,214,NormalLife,3/7/2024,7/28/2026,07400,9/12,Purchase,VA,Performance,Yes,Launch Green,Black Crater Signature,20” Black Sand All-Terrain,Included,Included,No,Yes,No,R1S,Audi etron
,215,GromitATL,3/7/2024,7/28/2026,X0924,08/07/2026,Purchase,GA,Performance,Yes,Glacier White,Black Crater Signature,21” Liquid Tungsten All-Season,Included,Included,No,No,,,2018 Tesla Model 3
,216,twisted2769,3/7/2024,7/28/2026,,4-8 weeks,Purchase,TN,Performance,Yes,Glacier White,Black Crater Signature,20” Black Sand All-Terrain,Yes,Yes,Yes,No,,,
,217,trmaier,3/7/2024,7/28/2026,,8-12 weeks,Purchase,IA,Performance,Yes,Catalina Cove,Black Crater Signature,20” Black Sand All-Terrain,Included,Included,Yes,Yes,Yes,R1T,Mustang Mach-E
,218,trandrew,3/7/2024,7/28/2026,03547,4-8 weeks,Purchase,CA,Performance,Yes,Esker Silver,Black Crater Signature,20” Black Sand All-Terrain,Included,Included,No,Yes,No,R1T,
,219,4scamp15,3/8/2024,7/28/2026,,Late Aug / Early Sept,Purchase,WA,Performance,Yes,Launch Green,Black Crater Signature,20” Black Sand All-Terrain,Included,Included,No,No,,,Kia EV6
,220,aho,3/7/2024,7/28/2026,04880,4-8 weeks,Purchase,CA,Performance,Yes,Catalina Cove,Black Crater Signature,21” Liquid Tungsten All-Season,Yes,Yes,No,Yes,Yes,R1S,
,221,Sherwoodjg,3/7/2024,7/28/2026,02251,Aug 21,Purchase,TN,Performance,Yes,Glacier White,Black Crater Signature,20” Black Sand All-Terrain,Included,Included,No,No,,,X5
,222,MoreTrout,3/7/2024,7/28/2026,X4745,8/27/26,Purchase,PA,Performance,Yes,Catalina Cove,Black Crater Signature,21” Liquid Tungsten All-Season,Included,Included,No,Yes,Yes,R1T,2010 Ford Fusion Hybrid landfill candidate
,223,Jamiehobbes,3/7/2024,7/28/2026,,4-8 weeks,Purchase,CA,Performance,Yes,Catalina Cove,Black Crater Signature,20” Black Sand All-Terrain,Included,Included,Yes,Yes,Yes,R1S,2013 Impreza 
,224,Jpbsox,3/8/2024,7/28/2026,05768,8/21/2026,Purchase,IN,Performance,Yes,Catalina Cove,Black Crater Signature,21” Liquid Tungsten All-Season,Included,Included,No,Yes,Yes,Both,"1984 Porsche 911, 1997 Land Rover Defender 90"
,225,Bob-n-Deb,5/29/2024,5/13/2026,02301,7/28/2026,Purchase,CA,Performance,Yes,Catalina Cove,Black Crater Signature,21” Liquid Tungsten All-Season,Included,Included,No,No,,,Blazer EV; 1971 Chevelle
,226,RivianInCharleston,3/7/2024,7/28/2026,02516,4-8 weeks,Purchase,SC,Performance,Yes,Half Moon Grey,Black Crater Signature,20” Black Sand All-Terrain,Included,Included,Yes,No,,,"Jeep Wrangler, Ford Edge (Trade in or Sell)"
,227,pafortin,3/7/2024,7/28/2026,03651,"Sept 3, 2026",Purchase,MA,Performance,Yes,Esker Silver,Black Crater Signature,21” Liquid Tungsten All-Season,Included,Included,No,Yes,Yes,R1S,Subaru Crosstrek
,228,vred7,3/7/2024,7/28/2026,01936,09/19/2026,Purchase,OR,Performance,Yes,Half Moon Grey,Black Crater Signature,20” Black Sand All-Terrain,Included,Included,No,No,,,Volswagen Jetta
,229,Tracaus,5/4/2026,7/31/2026,,4-8 weeks,Purchase,MO,Performance,Yes,Catalina Cove,Black Crater Signature,21” Liquid Tungsten All-Season,Included,Included,No,No,,,Tesla Model Y
,230,JT-X2,3/7/2024,6/17/2026,01605,7/22/2026,Purchase,CO,Performance,Yes,Glacier White,Black Crater Signature,20” Black Sand All-Terrain,Yes,Yes,No,Yes,Yes,R1S,"Toyota, Audi"
,231,FLBBQ,6/22/2026,7/28/2026,04303,08/20/2026,Purchase,FL,Performance,Yes,Catalina Cove,Black Crater Signature,20” Black Sand All-Terrain,Included,Included,No,No,,,"BMW X1, Jeep Wrangler"
,232,northshoreR2,5/18/2025,7/22/2026,X5497,8/24/2026,Purchase,MA,Performance,Yes,Forest Green,Black Crater Signature,21” Liquid Tungsten All-Season,Included,Included,No,No,,,Hyundai Ioniq 6
,233,Clarinetnurse,,7/28/2026,03723,8-12 weeks,Purchase,MN,Performance,Yes,Esker Silver,Black Crater Signature,21” Liquid Tungsten All-Season,Included,Included,No,Yes,No,R1S,
,234,digger71ID,3/7/2024,6/22/2026,02941,August 4th,Purchase,ID,Performance,Yes,Catalina Cove,Black Crater Signature,20” Black Sand All-Terrain,Included,Included,No,Yes,Yes,R1S,
,235,Dukw7,1/12/2026,7/28/2026,02561,8/12/2026,Purchase,MN,Performance,Yes,Half Moon Grey,Black Crater Signature,20” Black Sand All-Terrain,Included,Included,No,No,,,VW ID.4 Pro S
,236,Ryan_Chris,3/7/2024,8/1/2026,03819,8/22/2026,Lease,NJ,Performance,Yes,Esker Silver,Black Crater Signature,21” Liquid Tungsten All-Season,Included,Included,No,No,,,"Audi Q5, Tesla Model 3"
,237,alexanderfranz.af,3/7/2024,7/31/2026,02759,4-8 weeks,Purchase,CA,Performance,Yes,Half Moon Grey,Black Crater Signature,20” Black Sand All-Terrain,Included,Included,No,No,,,
,238,DBDR,3/7/2024,7/28/2026,02449,Unsure,Purchase,TX,Performance,Yes,Half Moon Grey,Black Crater Signature,21” Liquid Tungsten All-Season,Included,Included,No,No,,,Acura ZDX
,239,RivAndy,3/7/2024,8/1/2026,02698,08/11/2026,Purchase,WA,Performance,Yes,Catalina Cove,Black Crater Signature,21” Liquid Tungsten All-Season,Included,Included,No,No,No,,Audi A4
,240,SeaMonkey80,3/7/2024,7/22/2026,01144,"Delivered: Aug 1, 2026",Purchase,CA,Performance,Yes,Catalina Cove,Black Crater Signature,21” Liquid Tungsten All-Season,Included,Included,Yes,Yes,No,,‘25 Porsche Macan 4S Electric; ‘19 RAV4 Limited Hybrid
,241,dingular,3/7/2024,7/22/2026,X4749,08/29/2026,Lease,MA,Performance,Yes,Catalina Cove,Black Crater Signature,21” Liquid Tungsten All-Season,Included,Included,No,No,,,"Lucid Air Pure, MB EQB"
,242,CrosscutJERP,12/30/2025,7/28/2026,,3-7 weeks,Purchase,CA,Performance,Yes,Launch Green,Black Crater Signature,21” Liquid Tungsten All-Season,Included,Included,No,Yes,Yes,R1S,Tesla Model 3
,243,ATXR2,3/7/2024,8/4/2026,,8-12 weeks,Purchase,TX,Performance,Yes,Esker Silver,Black Crater Signature,20” Black Sand All-Terrain,Included,Included,Yes,No,,,23 Lightning
,244,LaunchControlR2,3/27/2024,8/4/2026,05593,08/28/2026,Purchase,TX,Performance,Yes,Launch Green,Black Crater Signature,21” Liquid Tungsten All-Season,Included,Included,Yes,Yes,No,R1S,
,245,NCRuby,7/14/2025,8/4/2026,08172,09/12/2026,Purchase,NC,Performance,Yes,Catalina Cove,Black Crater Signature,20” Black Sand All-Terrain,Included,Included,No,No,,,"Polestar 3, Polestar 2, Honda Ridgeline"
,246,brad.bryant74,5/1/2026,8/4/2026,,Invited to Order on 8/11/2026,Lease,VA,Performance,Yes,Glacier White,Black Crater Signature,21” Liquid Tungsten All-Season,Included,Included,No,No,No,,"2023 VW Tiguan, SEL R-Line, 4Motion"
,247,BendOrRiv,3/7/2024,8/4/2026,05677,9/16/26,Purchase,OR,Performance,Yes,Catalina Cove,Black Crater Signature,20” Black Sand All-Terrain,Included,Included,No,Yes,Yes,R1T,Land Rover LR4
,248,deadstar114,8/23/2025,8/4/2026,03667,09/05/2026,Purchase,PA,Performance,Yes,Esker Silver,Black Crater Signature,20” Black Sand All-Terrain,Included,Included,No,No,,,VW ID-4
,249,mstanis,2/1/2025,7/4/2026,03101,Mid August,Purchase,VA,Performance,Yes,Esker Silver,Black Crater Signature,20” Black Sand All-Terrain,Included,Included,No,Yes,Yes,R1T,
,250,RivianRiverRat ,3/7/2022,8/4/2026,05728,09-04-2026,Purchase,TN,Performance,Yes,Launch Green,Black Crater Signature,21” Liquid Tungsten All-Season,Included,Included,No,Yes,Yes,R1T,
,251,DTH Texas,3/7/2024,8/4/2026,03517,8-12 weeks,Purchase,TX,Performance,Yes,Esker Silver,Black Crater Signature,21” Liquid Tungsten All-Season,Included,Included,No,No,,,"Lucid Gravity, VW ID.4"
,252,brandonhaha,3/7/2024,8/4/2026,05652,2-6 weeks,Purchase,CA,Performance,Yes,Launch Green,Black Crater Signature,21” Liquid Tungsten All-Season,Included,Included,No,No,,,Acura ZDX (lease) Mazda-CX-30 (trade-in)
,253,wdtymkr,4/7/2026,6/16/2026,03408,08/17/2026,Purchase,FL,Performance,Yes,Esker Silver,Black Crater Signature,21” Liquid Tungsten All-Season,Included,Included,No,No,,,Ford Mustang Mach E
,254,HIZHONOR,6/7/2026,8/4/2026,X5578,08/15/2026,Purchase,MO,Performance,Yes,Launch Green,Black Crater Signature,21” Liquid Tungsten All-Season,Included,Included,No,Yes,Yes,R1S,"Nissan Ariya, Nissan Pathfinder"
,255,GoArmy,3/7/2024,8/4/2026,,4-8 weeks,Purchase,NC,Performance,Yes,Launch Green,Black Crater Signature,20” Black Sand All-Terrain,Included,Included,Yes,Yes,No,R1T,Honda CRV
,256,Whiskeydoc ,6/6/2026,7/7/2026,05513,4-8 weeks,Lease,FL,Performance,Yes,Launch Green,Black Crater Signature,21” Liquid Tungsten All-Season,Included,Included,No,No,,,"BMW X7, Ford F-350"
,257,BK44,3/7/2024,8/11/2026,06586,08/30/2026,Purchase,CA,Performance,Yes,Catalina Cove,Black Crater Signature,20” Black Sand All-Terrain,Included,Included,No,No,,,"Toyota Rav4 XSE, Lexus ES300"
,258,astro_pat,1/25/2025,8/11/2026,,6-10 Weeks,Purchase,VA,Performance,Yes,Esker Silver,Black Crater Signature,20” Black Sand All-Terrain,Included,Included,No,No,,,2023 Mazda 3 Hatchback
,259,xEddyboi420x,3/13/2024,8/11/2026,X3000,9/1/2026,Purchase,CA,Performance,Yes,Glacier White,Black Crater Signature,20” Black Sand All-Terrain,Included,Included,No,No,No,,2025 Model Y Performance
,260,PittyParty,3/28/2025,8/11/2026,07079,1st week of Sept.,Purchase,CA,Performance,Yes,Half Moon Grey,Black Crater Signature,21” Liquid Tungsten All-Season,Included,Included,Yes,No,,,"Mercedes E350, GMC Sierra"
,261,WreckItRivian,3/7/2024,8/11/2026,,unknown,Purchase,CA,Performance,Yes,Borealis,Black Crater Signature,20” Black Sand All-Terrain,Yes,Yes,No,No,,,Kia EV9
,262,dez,3/7/2024,8/11/2026,,4-8 weeks,Purchase,CA,Performance,Yes,Launch Green,Black Crater Signature,20” Black Sand All-Terrain,Included,Included,No,No,,,"Ioniq5, Mini JCW"
,263,MALIANJ,3/7/2024,8/11/2026,05700,4-8 weeks,Purchase,CA,Performance,Yes,Launch Green,Black Crater Signature,21” Liquid Tungsten All-Season,Included,Included,No,No,,,"18 SQ5, '23 Telluride, '12 MDX"
,264,jimiiii,3/1/2026,8/4/2026,05700,4-8 weeks,Purchase,CA,Performance,Yes,Launch Green,Black Crater Signature,21” Liquid Tungsten All-Season,Included,Included,No,No,,,Ioniq 5
,265,JeremyMKE,3/7/2024,8/9/2026,02880,"Aug, 22 2026",Purchase,WI,Performance,Yes,Glacier White,Black Crater Signature,20” Black Sand All-Terrain,Included,Included,Yes,Yes,Yes,R1T,Sienna
,266,BrotherJethro,3/7/2024,8/11/2026,03544,8/27/2026,Purchase,WA,Performance,Yes,Esker Silver,Black Crater Signature,20” Black Sand All-Terrain,Included,Included,Yes,No,,,"Tesla MY, Leaf, Jeep Wrangler"
,267,PBK,4/5/2024,8/11/2026,,2-6 weeks,Purchase,CA,Performance,Yes,Launch Green,Black Crater Signature,20” Black Sand All-Terrain,Included,Included,Yes,No,No,,Tesla Model 3
,268,dwolfe46,3/7/2024,8/11/2026,,4-8 weeks,Purchase,DE,Performance,Yes,Catalina Cove,Black Crater Signature,20” Black Sand All-Terrain,Yes,Yes,No,No,,, Chevy Equinox EEV
,269,Naka,3/7/2024,6/17/2026,02927,2-4 Weeks,Lease,CA,Performance,Yes,Catalina Cove,Black Crater Signature,21” Liquid Tungsten All-Season,Yes,Yes,No,No,,,
,270,momo_your_momoness,3/7/2024,8/11/2026,,Not Provided,Purchase,AZ,Performance,Yes,Catalina Cove,Black Crater Signature,20” Black Sand All-Terrain,Included,Included,Yes,No,,,Mazda 3 Hatchback
,271,rikstir,3/7/2024,8/11/2026,X6504,Sept 2,Purchase,NV,Performance,Yes,Catalina Cove,Black Crater Signature,21” Liquid Tungsten All-Season,Yes,Yes,No,No,,,Acura RDX
,272,RivianNSMA,3/7/2024,7/28/2026,02526,8/26/2026,Purchase,MA,Performance,Yes,Glacier White,Black Crater Signature,21” Liquid Tungsten All-Season,Included,Included,Yes,No,,,
,273,R Targaryen,3/11/2024,8/11/2026,04150,2-6 weeks,Purchase,WA,Performance,Yes,Half Moon Grey,Black Crater Signature,20” Black Sand All-Terrain,Included,Included,Yes,No,,,2017 Forrester
,274,Berdan,3/4/2024,8/12/2026,08095,N/A,Purchase,WA,Performance,Yes,Launch Green,Black Crater Signature,20” Black Sand All-Terrain,Included,Included,Yes,No,,,Subaru Forester
,275,THREESNAILS,3/7/2024,8/11/2026,03642,4 to 6 weeks,Purchase,CA,Performance,Yes,Esker Silver,Black Crater Signature,21” Liquid Tungsten All-Season,Included,Included,No,No,,,Subaru
,276,MTBERMAN,3/7/2024,8/11/2026,05347,09/29/2026,Purchase,OR,Performance,Yes,Launch Green,Black Crater Signature,21” Liquid Tungsten All-Season,Included,Included,No,Yes,No,R1T,
,277,EZ2PLEZ,3/7/2024,8/11/2026,08151,8/28/26,Purchase,OR,Performance,Yes,Launch Green,Black Crater Signature,20” Black Sand All-Terrain,Included,Included,No,No,,,"F150-Lightning, Tesla MY, Honda CR-V"
,278,Tivoboy,8/26/2026,8/13/2026,,9/11/2026,Purchase,CA,Performance,Yes,Catalina Cove,Black Crater Signature,21” Liquid Tungsten All-Season,Included,Included,Yes,No,,,Tesla M3 LR
,279,BBarry,3/7/2024,7/28/2026,02163,08/26/26,Purchase,NY,Performance,Yes,Half Moon Grey,Black Crater Signature,20” Black Sand All-Terrain,Included,Included,No,Yes,Yes,R1T,Toyota Prius Prime
,280,mjondo,6/3/2026,7/10/2026,01722,8/10/2026,Purchase,CA,Performance,Yes,Catalina Cove,Black Crater Signature,20” Black Sand All-Terrain,Included,Included,No,No,,,"2023 Volvo c40, 1971 Land Rover Series IIa 88"
,281,LastOneLaughing,3/7/2024,8/11/2026,05878,09/09/2026,Purchase,WA,Performance,Yes,Catalina Cove,Black Crater Signature,20” Black Sand All-Terrain,Included,Included,No,No,,,
,282,tractor,3/7/2024,8/11/2026,07667,4-8 weeks,Purchase,CA,Performance,Yes,Glacier White,Black Crater Signature,21” Liquid Tungsten All-Season,Included,Included,No,No,,,"Audi Q7, BMW 328i"
,283,EmeraldCity,6/30/2026,8/10/2026,05635,Sep 2026 likely,Purchase,WA,Performance,Yes,Launch Green,Black Crater Signature,21” Liquid Tungsten All-Season,Included,Included,No,Yes,Yes,R1T,Honda Fit (bridge to R2 after Tesla M3)
,284,Calm_Grocery,3/7/2024,8/12/2026,07398,2 Weeks,Purchase,CA,Performance,Yes,Catalina Cove,Black Crater Signature,21” Liquid Tungsten All-Season,Yes,Yes,No,Yes,No,R1S,
,285,CornDoggyDogg,3/27/2024,8/13/2026,07109,N/A,Purchase,AZ,Performance,Yes,Launch Green,Black Crater Signature,20” Black Sand All-Terrain,Included,Included,No,Yes,No,R1S,2003 Toyota 4runner
,286,bac4uw,3/8/2024,8/15/2026,,4-8 weeks,Purchase,WA,Performance,Yes,Launch Green,Black Crater Signature,21” Liquid Tungsten All-Season,Yes,Yes,No,Yes,No,R1T,"Volvo XC40 Recharge, Kia Forte GT-line"
,287,Mygrain,3/7/2024,8/3/2026,05895,08/15/2026,Purchase,IL,Performance,Yes,Catalina Cove,Black Crater Signature,21” Liquid Tungsten All-Season,Included,Included,Yes,Yes,Yes,R1S,2021 Accord 2.0T
,288,Interstellar,3/7/2024,8/8/2026,X5280,08222026,Purchase,IL,Performance,Yes,Half Moon Grey,Black Crater Signature,21” Liquid Tungsten All-Season,Included,Included,No,Yes,Yes,R1T,Volvo XC90
,289,Ijdsf,3/10/2024,8/11/2026,,Not set,Purchase,CA,Performance,Yes,Catalina Cove,Coastal Cloud Signature,20” Black Sand All-Terrain,Included,Included,No,Yes,No,R1S,2012 Honda Pilot 2018 Ford explorer for kids
,290,IJDSF,3/10/2024,8/12/2026,,Unknown,Purchase,CA,Performance,Yes,Catalina Cove,Coastal Cloud Signature,20” Black Sand All-Terrain,Included,Included,No,Yes,No,R1S,"Tesla Model 3, Honda Pilot, Ford Explorer"
,291,adham06,4/7/2024,8/18/2016,,4-8 Weeks,Purchase,FL,Performance,Yes,Catalina Cove,Black Crater Signature,20” Black Sand All-Terrain,Included,Included,No,No,,,2017 Mazda Mazda6
,292,Blitzjb,3/7/2024,8/18/2026,,6-10 weeks,Purchase,NY,Performance,Yes,Esker Silver,Black Crater Signature,20” Black Sand All-Terrain,Included,Included,Yes,No,,,2021 Ford Bronco
,293,applemonster,3/7/2024,8/18/2026,X7126,4-8 weeks,Purchase,MA,Performance,Yes,Launch Green,Black Crater Signature,21” Liquid Tungsten All-Season,Included,Included,No,No,,,
,294,kevinc,3/7/2024,8/18/2026,,None,Purchase,NY,Performance,Yes,Catalina Cove,Black Crater Signature,20” Black Sand All-Terrain,Included,Included,No,No,,,Model 3
,295,GoBirds,3/7/2024,8/18/2026,07191,9/10/26,Purchase,NJ,Performance,Yes,Launch Green,Black Crater Signature,21” Liquid Tungsten All-Season,Included,Included,No,No,,,Tesla and 4runner
,296,FL5Guy,7/21/2026,8/18/2026,,NA,Purchase,OH,Performance,Yes,Borealis,Coastal Cloud Signature,20” Black Sand All-Terrain,Included,Included,No,No,,,"Civic Type R, Acura RDX"
,297,artuvian,3/7/2024,8/18/2026,,Pending,Purchase,TX,Performance,Yes,Launch Green,Black Crater Signature,20” Black Sand All-Terrain,Included,Included,No,No,,,26 Tesla Model Y; '18 Lexus GX460 (trade for R2)
,298,Barb4rian,3/7/2024,8/18/2026,08258,Pending,Purchase,MT,Performance,Yes,Catalina Cove,Black Crater Signature,21” Liquid Tungsten All-Season,Included,Included,No,No,,,"Volvo EX40, Rav4 Hybrid Limited"
,299,onebadmofo,3/7/2024,8/18/2026,,N/A,Purchase,NJ,Performance,Yes,Half Moon Grey,Black Crater Signature,21” Liquid Tungsten All-Season,Yes,Yes,No,No,,,
,300,sdiesel619,3/14/2026,8/18/2026,X4265,4-8 weeks,Purchase,CA,Performance,Yes,Midnight,Black Crater Signature,20” Black Sand All-Terrain,Included,Included,No,No,No,,
,301,travman1974,3/7/2024,8/18/2026,,8 - 12 weeks,Purchase,CA,Performance,Yes,Forest Green,Black Crater Signature,21” Liquid Tungsten All-Season,Included,Included,No,No,,,Ford Mach-E
,302,Jeremy3292,4/24/2026,8/18/2026,,8-12 weeks,Purchase,SC,Performance,Yes,Forest Green,Coastal Cloud Signature,20” Black Sand All-Terrain,Included,Included,No,No,,,
,303,Jlf30,3/7/2024,8/18/2026,09402,9/11/2026,Purchase,MD,Performance,Yes,Catalina Cove,Coastal Cloud Signature,21” Liquid Tungsten All-Season,Included,Included,No,No,,,"2024 Model 3P, 2023 Ioniq 5"
,304,ToWn3r,6/20/2026,8/18/2026,X7156,N/A,Purchase,WI,Performance,Yes,Launch Green,Black Crater Signature,21” Liquid Tungsten All-Season,Included,Included,No,No,,,IONIQ 5
,305,Deacon,3/7/2024,8/18/2026,,8-12 weeks,Purchase,NC,Performance,Yes,Catalina Cove,Coastal Cloud Signature,21” Liquid Tungsten All-Season,Included,Included,Yes,Yes,Yes,R1T,none
,306,pcPipes,3/7/2024,8/18/2026,,8-12 weeks,Purchase,OR,Performance,Yes,Catalina Cove,Coastal Cloud Signature,21” Liquid Tungsten All-Season,Included,Included,No,No,,,"2013 Nissan Leaf, 2018 Mazda CX-9"
,307,drydeniv,9/22/2025,8/18/2026,,15-Sept to 13 Oct (4-8 wk),Purchase,TX,Performance,Yes,Esker Silver,Black Crater Signature,21” Liquid Tungsten All-Season,Included,Included,Yes,No,,,"22 Range Rover Velar, '16 Mercedes SL400"
,308,Move,3/8/2024,8/18/2026,,8-12 weeks,Purchase,TX,Performance,Yes,Launch Green,Coastal Cloud Signature,21” Liquid Tungsten All-Season,Included,Included,No,Yes,Yes,R1S,
,309,SDO2D,3/7/2024,8/18/2026,,TBD,Purchase,CA,Performance,Yes,Catalina Cove,Coastal Cloud Signature,20” Black Sand All-Terrain,Included,Included,No,No,,,Tesla Model 3 AWD
,310,prytog,2/9/2026,8/18/2026,06956,Cancelled Reservation,Purchase,OR,Performance,Yes,Launch Green,Black Crater Signature,21” Liquid Tungsten All-Season,Included,Included,No,No,,,"2020 Tesla X, 2019 Range Rover, 1999 Discovery, 1968 LR Series IIA"
,311,yaracha,3/7/2024,8/18/2026,03006,4-8 weeks,Purchase,TX,Performance,Yes,Half Moon Grey,Black Crater Signature,21” Liquid Tungsten All-Season,Included,Included,No,No,,,Rav4
,312,Bmill3,3/7/2024,8/18/2026,,4-8 weeks,Purchase,CT,Performance,Yes,Launch Green,Black Crater Signature,20” Black Sand All-Terrain,Included,Included,No,No,,,Audi A3
,313,royalalps,3/7/2024,8/18/2026,,Sep 29 to Oct 27,Purchase,UT,Performance,Yes,Esker Silver,Black Crater Signature,20” Black Sand All-Terrain,Included,Included,No,No,,,
,314,Ifshmn,2/15/2026,8/18/2026,,None given,Purchase,ME,Performance,Yes,Catalina Cove,Black Crater Signature,21” Liquid Tungsten All-Season,Included,Included,No,No,,,2023 Ioniq 5
,315,andrew,3/7/2024,8/18/2026,08316,9/25/2026,Purchase,WA,Performance,Yes,Esker Silver,Coastal Cloud Signature,20” Black Sand All-Terrain,Included,Included,Yes,Yes,No,R1T,
,316,reodds,4/23/2026,6/22/2026,,Unknown,Purchase,FL,Performance,Yes,Esker Silver,Coastal Cloud Signature,21” Liquid Tungsten All-Season,Included,Included,No,No,,,Subaru Outback
,317,Dana4s,3/7/2024,8/18/2026,,8-12 weeks,Purchase,CA,Performance,Yes,Launch Green,Coastal Cloud Signature,20” Black Sand All-Terrain,Included,Included,No,No,,,
,318,Nicerthis,3/7/2024,8/18/2026,08690,N/A,Purchase,GA,Performance,Yes,Catalina Cove,Black Crater Signature,20” Black Sand All-Terrain,Included,Included,No,No,,,2023 Model Y
,319,Planetx88,6/8/2024,8/18/2026,,none yet,Purchase,VT,Performance,Yes,Catalina Cove,Black Crater Signature,20” Black Sand All-Terrain,Included,Yes,Yes,No,,,Hyundai Ioniq 5
,320,GRSmith,3/25/2025,8/18/2026,07674,09/22/2026,Purchase,WA,Performance,Yes,Catalina Cove,Black Crater Signature,21” Liquid Tungsten All-Season,Included,Included,Yes,No,,,"Tesla Model 3 x2, Tesla Model S"
,321,Kimmiedlite ,9/3/2025,8/18/2026,02449,8/21/2026,Purchase,TX,Performance,Yes,Half Moon Grey,Black Crater Signature,21” Liquid Tungsten All-Season,Included,Included,Yes,No,,,Mazda CX5
,322,DistanceDriver,5/6/2025,8/18/2026,,8-12 Weeks,Lease,NY,Performance,Yes,Esker Silver,Black Crater Signature,20” Black Sand All-Terrain,Included,Included,Yes,No,,,
,323,Matty J,3/7/2024,8/4/2026,07603,TBD,Purchase,CA,Performance,Yes,Launch Green,Black Crater Signature,20” Black Sand All-Terrain,Included,Included,No,Yes,No,R1S,"Tesla Model 3, Lucid Air"
,324,huntzman,3/7/2024,8/18/2026,,8-12 weeks,Purchase,VA,Performance,Yes,Forest Green,Coastal Cloud Signature,21” Liquid Tungsten All-Season,Included,Included,No,No,,,Kia Sorento PHEV
,325,mljLimestone,3/7/2024,8/18/2026,,NA,Purchase,UT,Performance,Yes,Catalina Cove,Coastal Cloud Signature,21” Liquid Tungsten All-Season,Included,Included,Yes,Yes,Yes,R1T,Volvo XC60
,326,Protamine ,3/7/2024,8/18/2026,06906,Not updated,Purchase,OH,Performance,Yes,Midnight,Coastal Cloud Signature,20” Black Sand All-Terrain,Included,No,No,Yes,No,R1S,"911, E46 M3, X7"
,327,shanepj13,3/7/2024,8/18/2026,,4-8 Weeks,Purchase,NY,Performance,Yes,Launch Green,Black Crater Signature,20” Black Sand All-Terrain,Included,Included,No,No,,,17 Mazda CX-5 & '10 MazdaSpeed3
,328,adamek,3/7/2024,8/19/2026,X9044,4-8 weeks,Purchase,NH,Premium,Yes,Launch Green,Black Crater Signature,20” Black Sand All-Terrain,Included,Included,Yes,No,,,Tesla Model Y
,329,Gimlet,3/27/2025,8/18/2026,,8-12 weeks,Purchase,TX,Performance,Yes,Catalina Cove,Coastal Cloud Signature,21” Liquid Tungsten All-Season,Included,Included,No,Yes,No,R1S,
,330,Ssmtsx,2/23/2026,8/18/2026,,8-12 weeks,Purchase,VA,Performance,Yes,Esker Silver,Coastal Cloud Signature,21” Liquid Tungsten All-Season,Included,Included,Yes,No,,,
,331,fresco,3/7/2024,8/18/2026,,September-October,Purchase,TX,Performance,Yes,Launch Green,Black Crater Signature,20” Black Sand All-Terrain,Included,Included,No,No,,,2014 Honda Civic
,332,GTodd,3/7/2024,8/18/2026,X9338,8-12,Purchase,DE,Performance,Yes,Launch Green,Coastal Cloud Signature,20” Black Sand All-Terrain,Included,Included,Yes,Yes,No,R1T,"2026 Ram, 2002 Thunderbird, 1985 5th Ave"
,333,tj1867,3/7/2024,8/18/2026,,Don’t know,Purchase,TN,Performance,Yes,Half Moon Grey,Black Crater Signature,21” Liquid Tungsten All-Season,Included,Included,No,Yes,No,R1T,2012 Jeep Wrangler
,334,Tailspin,3/16/2024,3/17/2024,X7545,"September 15, 2026",Purchase,CA,Performance,Yes,Catalina Cove,Black Crater Signature,21” Liquid Tungsten All-Season,Included,Included,Yes,No,,,2022 Tesla Model 3 LR
,335,freedom-of-navigation,2/18/2026,8/18/2026,,4 = 8 weeks,Purchase,TX,Performance,Yes,Launch Green,Black Crater Signature,20” Black Sand All-Terrain,Included,Included,Yes,No,,,"Lexus LS460, Toyota Sequoia"
,336,jburka,3/7/2024,8/11/2026,,Augst-September,Purchase,DC - District of Columbia,Performance,Yes,Catalina Cove,Black Crater Signature,20” Black Sand All-Terrain,Included,Included,No,No,No,,Jeep Cherokee
,337,tsum,5/12/2025,8/18/2026,07097,Not Provided Yet,Purchase,TX,Performance,Yes,Midnight,Black Crater Signature,21” Liquid Tungsten All-Season,Included,Included,Yes,No,No,,
,338,stt_1973,,8/20/2026,,4-8 Weeks,Purchase,MA,Performance,Yes,Launch Green,Black Crater Signature,20” Black Sand All-Terrain,Yes,Yes,No,No,,,Tesla Model Y Performance
,339,parastang,3/9/2024,8/18/2026,,unknown,Purchase,WA,Performance,Yes,Esker Silver,Coastal Cloud Signature,20” Black Sand All-Terrain,Included,Included,No,Yes,Yes,R1T,"Model 3 Dual, Model Y Premium Dual, Mini Countryman All4 S"
,340,Tbshamaly13,3/15/2025,8/11/2026,05822,September,Purchase,VA,Performance,Yes,Launch Green,Black Crater Signature,21” Liquid Tungsten All-Season,Included,Included,No,No,,,Volkswagen Buzz
,341,R2 Fan,3/8/2024,8/12/2026,03012,09/16/2026,Purchase,CA,Performance,Yes,Midnight,Black Crater Signature,20” Black Sand All-Terrain,Included,Included,No,No,,,Toyota Tacoma
,342,rivmok,3/7/2024,7/14/2026,05965,Unknown,Purchase,MD,Performance,Yes,Launch Green,Black Crater Signature,20” Black Sand All-Terrain,Included,Included,No,Yes,No,R1T,
,343,Jamuso,3/7/2024,7/14/2026,03502,"Aug 18, 2026",Purchase,CT,Performance,Yes,Midnight,Black Crater Signature,21” Liquid Tungsten All-Season,Yes,Yes,Yes,Yes,Yes,R1T,
,344,BenderSC,4/2/2026,8/18/2026,07270,9/11/2026,Purchase,GA,Performance,Yes,Esker Silver,Black Crater Signature,21” Liquid Tungsten All-Season,Included,Included,No,No,,,
,345,Chop2it,4/21/2026,8/19/2026,02714,8/31,Lease,PA,Performance,Yes,Half Moon Grey,Black Crater Signature,21” Liquid Tungsten All-Season,Included,Included,No,No,,,Kia EV9 and Hyundai Paiisade Hybrid
,346,Wolf359,12/20/2024,7/18/2026,00000,Sept-Oct,Purchase,CA,Performance,Yes,Catalina Cove,Black Crater Signature,20” Black Sand All-Terrain,Yes,Yes,Yes,No,,,Tesla Model 3
,347,TedB,3/13/2026,8/11/2026,X3034,6-8 weeks,Purchase,CA,Performance,Yes,Half Moon Grey,Black Crater Signature,20” Black Sand All-Terrain,Included,Included,No,No,,,BMW 530e
,348,dontspoilmyfoil,1/2/2026,8/18/2026,X8857,9/30/2026,Purchase,OR,Performance,Yes,Catalina Cove,Black Crater Signature,20” Black Sand All-Terrain,Included,Included,Yes,No,,,
,349,rccrdo,3/8/2024,8/18/2026,09593,8-12 weeks,Purchase,CA,Performance,Yes,Midnight,Coastal Cloud Signature,21” Liquid Tungsten All-Season,Included,Included,No,No,,,Volvo XC40 Recharge
,350,ToWn3r,6/21/2026,8/18/2026,07156,"Aug 28, 2026",Purchase,WI,Performance,Yes,Launch Green,Black Crater Signature,21” Liquid Tungsten All-Season,Included,Included,No,No,,,IONIQ 5
,351,tjhenn,3/7/2024,8/14/2026,X8127,September 25,Purchase,OR,Performance,Yes,Catalina Cove,Black Crater Signature,20” Black Sand All-Terrain,Included,Included,No,Yes,Yes,R1T,
,352,AlanR2,3/7/2024,8/18/2026,08890,None set,Purchase,NV,Performance,Yes,Catalina Cove,Coastal Cloud Signature,21” Liquid Tungsten All-Season,Included,Included,Yes,No,,,1998 M-B E320 4Matic; 1960 Triumph TR3A; 2105 Subaru Forester
,353,Dispersions,3/7/2024,8/18/2026,,TBD,Purchase,MN,Performance,Yes,Forest Green,Black Crater Signature,20” Black Sand All-Terrain,Included,Included,Yes,No,,,2012 Ford Focus
,354,Leo9,11/18/2024,8/4/2026,08524,unknown yet,Purchase,WA,Performance,Yes,Esker Silver,Coastal Cloud Signature,21” Liquid Tungsten All-Season,Included,Included,No,Yes,No,R1T,
,355,Veerudu,3/8/2024,8/21/2026,,September to October ,Purchase,TX,Performance,Yes,Esker Silver,Black Crater Signature,21” Liquid Tungsten All-Season,Included,Included,No,No,,,
,356,pcsquared,3/14/2026,8/18/2026,08745,Sep 29 2026,Purchase,OR,Performance,Yes,Catalina Cove,Black Crater Signature,20” Black Sand All-Terrain,Included,Included,Yes,No,,,
,357,EVBruh04,3/8/2025,8/11/2026,,4 - 8 Weeks,Purchase,MD,Performance,Yes,Catalina Cove,Black Crater Signature,20” Black Sand All-Terrain,Included,Included,No,No,,,
,358,r2d2-norcal,7/3/2024,8/4/2026,05644,08/25/26,Purchase,CA,Performance,Yes,Catalina Cove,Black Crater Signature,21” Liquid Tungsten All-Season,Included,Included,Yes,No,,,Genesis
,359,Stro19,6/16/2026,8/14/2026,X3489,09/11,Lease,CA,Performance,Yes,Midnight,Black Crater Signature,20” Black Sand All-Terrain,Included,Included,No,No,,,Mercedes 
,360,SleazyE,3/7/2024,8/19/2026,03348,8-12 weeks,Purchase,SC,Performance,Yes,Esker Silver,Black Crater Signature,21” Liquid Tungsten All-Season,Included,Included,No,No,,,"Model Y, F-150 Lightning"
,361,Dannyq2,4/13/2025,8/11/2026,,None given,Purchase,ID,Performance,Yes,Esker Silver,Black Crater Signature,20” Black Sand All-Terrain,Included,Included,Yes,No,No,,"BMW 340iX, BMW 328iX, Ford F-350"
,362,IJDSF,3/10/2024,8/18/2026,,Don’t know,Purchase,CA,Performance,Yes,Catalina Cove,Coastal Cloud Signature,20” Black Sand All-Terrain,Included,Included,No,Yes,No,R1S,"Tesla Model 3, Honda Pilot, Ford Explorer"
,363,csrfr,7/22/2025,7/28/2026,05000,08/22/2026,Purchase,CA,Performance,Yes,Launch Green,Black Crater Signature,21” Liquid Tungsten All-Season,Included,Included,No,No,,,Model Y
,364,Mixtapevibes,3/7/2024,8/11/2026,08364,TBD,Purchase,CA,Performance,Yes,Launch Green,Black Crater Signature,20” Black Sand All-Terrain,Included,Included,No,No,,,
,365,herbiegardens,3/12/2024,8/27/2026,07602,Sep 24 - Oct 22,Purchase,CA,Performance,Yes,Catalina Cove,Black Crater Signature,21” Liquid Tungsten All-Season,Included,Included,Yes,No,,,Honda Civic Hatchback
,366,Platinumstorm,3/7/2024,8/27/2026,,8-12 weeks,Purchase,CO,Performance,Yes,Launch Green,Coastal Cloud Signature,20” Black Sand All-Terrain,Included,Included,Yes,No,,,An ancient SUV
,367,neojon,2/11/2025,8/27/2026,,8-12 Weeks,Purchase,PA,Performance,Yes,Forest Green,Black Crater Signature,21” Liquid Tungsten All-Season,Included,Included,No,Yes,Undecided,R1S,
,368,MisterMack,3/4/2024,8/27/2026,08556,2 - 6 weeks,Purchase,CA,Performance,Yes,Glacier White,Black Crater Signature,21” Liquid Tungsten All-Season,Included,Included,No,No,,,Tesla Model 3
,369,Leesonw,3/7/2024,8/27/2026,,8-12 weeks,Purchase,NM,Performance,Yes,Catalina Cove,Coastal Cloud Signature,20” Black Sand All-Terrain,Included,Included,Yes,No,,,"Nissan Leaf, Model Y"
,370,NDUGU,3/7/2024,8/11/2026,08355,09/24/2026,Purchase,CA,Performance,Yes,Launch Green,Black Crater Signature,20” Black Sand All-Terrain,Included,Included,Yes,Yes,Undecided,R1S,Tesla MY
,371,dub,10/1/2025,8/27/2026,,4-8 weeks,Purchase,CO,Performance,Yes,Catalina Cove,Black Crater Signature,20” Black Sand All-Terrain,Included,Included,No,No,,,2001 Jeep Wrangler Sport
,372,SM7383,3/8/2024,8/27/2026,,4-8 Weeks,Purchase,NJ,Performance,Yes,Launch Green,Black Crater Signature,20” Black Sand All-Terrain,Included,Included,Yes,No,,,"Acura MDX, Honda CRV, Mini Cooper S"
,373,launchgreens,4/10/2026,8/11/2026,08835,9/8/2026,Purchase,PA,Performance,Yes,Launch Green,Black Crater Signature,20” Black Sand All-Terrain,Included,Included,No,No,,,polestar 2
,374,zephbound,6/15/2025,8/27/2026,,4-8 Weeks,Purchase,VA,Performance,Yes,Launch Green,Black Crater Signature,20” Black Sand All-Terrain,Included,Included,Yes,No,,,2015 Honda Civic
,375,wmdiaz24,3/21/2024,8/27/2026,,N/A,Purchase,NV,Performance,Yes,Catalina Cove,Black Crater Signature,20” Black Sand All-Terrain,Included,Included,No,No,,,2021 Toyota Rav 4 Hybrid XSE
,376,DAVEYB,3/7/2024,8/22/2026,,8-12 weeks,Purchase,WA,Performance,Yes,Forest Green,Black Crater Signature,21” Liquid Tungsten All-Season,Included,Included,No,No,,,Lexus RX350h
,377,AndyCasper,,3/7/2024,,Sept - October,Purchase,UT,Performance,Yes,Borealis,Black Crater Signature,20” Black Sand All-Terrain,Included,Included,No,No,,,Tesla Model 3
,378,patrickxr80,7/26/2024,8/27/2026,,Oct - Nov 26,Purchase,LA,Performance,Yes,Catalina Cove,Coastal Cloud Signature,21” Liquid Tungsten All-Season,Included,Included,No,No,,,Bronco Sport
,379,Rbran100,2/21/2025,8/28/2026,,4-8 weeks,Purchase,NC,Performance,Yes,Launch Green,Coastal Cloud Signature,21” Liquid Tungsten All-Season,Included,Included,No,Yes,Yes,R1S,
,380,bobsolo,4/18/2026,8/27/2026,,Unknown,Lease,FL,Performance,Yes,Esker Silver,Coastal Cloud Signature,20” Black Sand All-Terrain,Included,Included,No,No,,,"Jeep Wrangler 4xe, Kia Sorento, Hyundai Kona, Ford Focus"
,381,r2deeztwo,2/23/2025,8/18/2026,06900,Sept 20-25 (verbal from SC),Purchase,CA,Performance,Yes,Catalina Cove,Black Crater Signature,21” Liquid Tungsten All-Season,Included,Included,No,No,,,Model Y
,382,davemcw,3/7/2024,8/23/2026,,4-8 weeks,Purchase,NC,Performance,Yes,Catalina Cove,Black Crater Signature,20” Black Sand All-Terrain,Included,Included,No,No,,,
,383,Lsee,3/4/2024,8/18/2026,,Aug-Sept,Purchase,OR,Performance,Yes,Forest Green,Coastal Cloud Signature,21” Liquid Tungsten All-Season,Yes,Yes,No,Yes,Yes,R1T,Volvo Mini
,384,BrutusBuckeye,8/11/2024,8/27/2026,,6-8 weeks,Purchase,GA,Performance,Yes,Half Moon Grey,Coastal Cloud Signature,21” Liquid Tungsten All-Season,Included,Included,Yes,Yes,Yes,R1S,Audi A5 Sportback 
,385,hdeck,5/15/2026,8/17/2026,,8-12 weeks,Purchase,TX,Performance,Yes,Esker Silver,Coastal Cloud Signature,20” Black Sand All-Terrain,Included,Included,No,No,,,Hyundai Ioniq 6
,386,whoismikesmith,4/6/2024,8/11/2026,08811,4-8 weeks,Purchase,CA,Performance,Yes,Launch Green,Black Crater Signature,20” Black Sand All-Terrain,Included,Included,Yes,No,,,VW Beetle
,387,aznoohwee,7/22/2025,8/19/2026,,Oct,Purchase,TX,Performance,Yes,Esker Silver,Black Crater Signature,21” Liquid Tungsten All-Season,Included,Included,No,No,,,
,388,J24,3/7/2024,8/11/2026,07023,9/29/26,Purchase,WA,Performance,Yes,Catalina Cove,Black Crater Signature,21” Liquid Tungsten All-Season,Included,Included,Yes,No,,,"2026 Tesla Model Y, Silverado EV RST First Edition, Porsche 911 (992.1)"
,389,Kenny354,12/27/2025,8/18/2026,,4-6 weeks,Lease,GA,Performance,Yes,Catalina Cove,Black Crater Signature,21” Liquid Tungsten All-Season,Included,Included,No,No,,,"‘18 Nissan Leaf SL, ‘25 Kia EV6 GTLINE"
,390,michaelgg13,1/5/2025,8/27/2026,,8 - 12 weeks,Purchase,NY,Performance,Yes,Forest Green,Black Crater Signature,20” Black Sand All-Terrain,Included,Included,No,No,,,22 Ford Maverick
,391,virtualsmith,8/21/2024,8/18/2026,,Sept/Oct 2026,Purchase,CO,Performance,Yes,Half Moon Grey,Black Crater Signature,21” Liquid Tungsten All-Season,Included,Included,No,No,No,,Fisker Ocean
,392,Eruantien,3/7/2024,8/29/2026,,8-12 weeks,Purchase,CA,Performance,Yes,Esker Silver,Coastal Cloud Signature,21” Liquid Tungsten All-Season,Included,Included,Yes,Yes,No,R1S,Tesla Model 3
,393,Riviken,2/16/2026,8/27/2026,06869,9/22/26,Purchase,CA,Performance,Yes,Esker Silver,Black Crater Signature,21” Liquid Tungsten All-Season,Included,Included,No,No,,,2024 Audi RS3
,394,Denki jidōsha,3/7/2024,8/16/2026,07981,9/23/26,Purchase,NV,Performance,Yes,Launch Green,Coastal Cloud Signature,20” Black Sand All-Terrain,Included,Included,No,No,,,"Tesla Model Y, Model 3, Cybertruck"
,395,Campinpants,3/7/2024,7/22/2026,04624,4-8 weeks,Lease,WV,Performance,Yes,Launch Green,Black Crater Signature,21” Liquid Tungsten All-Season,Included,Included,No,Yes,Undecided,R1S,Mazda CX50
,396,Joe_vision,3/8/2024,8/27/2026,,4-8 weeks,Purchase,MD,Performance,Yes,Launch Green,Black Crater Signature,20” Black Sand All-Terrain,Included,Included,No,No,,,Honda CR-V
,397,EGJP93,6/9/2026,8/18/2026,,8-12 weeks,Purchase,CA,Performance,Yes,Forest Green,Black Crater Signature,21” Liquid Tungsten All-Season,Included,Included,No,No,,,Ioniq 5
,398,Lars24,3/7/2024,8/7/2026,08918,2-4 weeks,Purchase,VT,Performance,Yes,Launch Green,Black Crater Signature,20” Black Sand All-Terrain,Included,Included,No,Yes,No,R1T,
,399,rivian-mk,1/27/2025,8/27/2026,,September - October 2026,Purchase,NJ,Performance,Yes,Catalina Cove,Black Crater Signature,21” Liquid Tungsten All-Season,Included,Included,Yes,No,,,Hyundai Ioniq 5
,400,Rjosef,5/4/2026,8/4/2026,X7535,"September 10, 2026",Purchase,CA,Performance,Yes,Launch Green,Black Crater Signature,20” Black Sand All-Terrain,Included,Included,No,No,,,Kia EV6
,401,GearGuardAK,9/25/2025,8/29/2026,,8-12 weeks,Purchase,CA,Performance,Yes,Midnight,Coastal Cloud Signature,20” Black Sand All-Terrain,Included,Included,No,No,,,2018 Tesla Model 3 Performance
,402,yfhung75,3/7/2024,8/11/2026,,Sep/Oct,Purchase,CA,Performance,Yes,Esker Silver,Black Crater Signature,20” Black Sand All-Terrain,Included,Included,No,No,,,"Tesla Model Y LR, BMW i3"
,403,mochew,3/7/2024,8/18/2026,07785,Early Oct,Purchase,HI,Performance,Yes,Catalina Cove,Coastal Cloud Signature,21” Liquid Tungsten All-Season,Included,Included,No,No,,,
,404,monzonxp,3/7/2024,9/1/2026,,8-12 weeks,Purchase,OH,Performance,Yes,Esker Silver,Coastal Cloud Signature,21” Liquid Tungsten All-Season,Yes,Yes,No,No,No,,"2016 Tesla Model X, 2025 Chevy Equinox EV"
,405,sojiah,3/8/2024,9/1/2026,,4-8 weeks,Purchase,MI,Performance,Yes,Launch Green,Black Crater Signature,20” Black Sand All-Terrain,Included,Included,Yes,No,,,Tesla Model 3
,406,stevejust,3/7/2024,9/1/2026,,8-12 weeks,Purchase,IL,Performance,Yes,Forest Green,Coastal Cloud Signature,20” Black Sand All-Terrain,Included,Included,No,No,,,"Tesla Roadster, MB AMG EQE, Lexus GX460"
,407,kshtxag,4/26/2024,9/1/2026,,8-12 weeks,Purchase,TX,Performance,Yes,Launch Green,Coastal Cloud Signature,20” Black Sand All-Terrain,Included,Included,Yes,No,,,2007 Mini Cooper S; 2024 Ford Maverick Hybrid; 2025 Cadillac Lyriq
,408,Tgriff,5/16/2026,9/1/2026,,4-8 weeks,Purchase,FL,Performance,Yes,Catalina Cove,Black Crater Signature,21” Liquid Tungsten All-Season,Included,Included,Yes,No,,,Kia Telluride
,409,drizzle,4/7/2024,9/1/2026,,8-12 weeks,Purchase,TX,Performance,Yes,Catalina Cove,Coastal Cloud Signature,21” Liquid Tungsten All-Season,Included,Included,No,No,,,Outback
,410,craigstl,2/10/2026,9/1/2026,,Unknown,Purchase,MO,Performance,Yes,Launch Green,Black Crater Signature,20” Black Sand All-Terrain,Included,Included,Yes,Yes,Yes,R1T,BMW 550i
,411,Jenni,3/7/2024,9/1/2026,,8 weeks,Purchase,NE,Performance,Yes,Half Moon Grey,Black Crater Signature,20” Black Sand All-Terrain,Included,Included,Yes,No,,,Subaru Outback WIlderness
,412,blars,3/15/2026,9/1/2026,,?,Purchase,NE,Performance,Yes,Forest Green,Coastal Cloud Signature,20” Black Sand All-Terrain,Included,Included,No,No,,,
,413,coldjava,8/15/2026,9/1/2026,,tbd,Purchase,MN,Performance,Yes,Launch Green,Black Crater Signature,21” Liquid Tungsten All-Season,Yes,Yes,Yes,No,,,Honda Ridgeline
,414,Wampa,3/7/2024,8/18/2026,,4-8 weeks,Purchase,AZ,Performance,Yes,Catalina Cove,Black Crater Signature,20” Black Sand All-Terrain,Included,Included,No,No,,,Tesla Model 3
,415,kah,4/19/2026,9/1/2026,08170,4-6 weeks,Purchase,VA,Performance,Yes,Launch Green,Black Crater Signature,21” Liquid Tungsten All-Season,Included,Included,Yes,No,,,Dodge Challenger Scat Pack
,416,michaelinsfo,3/7/2024,8/15/2026,08755,unknown,Purchase,CA,Performance,Yes,Catalina Cove,Black Crater Signature,20” Black Sand All-Terrain,Included,Included,No,No,,,09 bmw 328xi touring
,417,RobertEV,10/31/2024,8/27/2026,,September-October,Purchase,CO,Performance,Yes,Catalina Cove,Black Crater Signature,21” Liquid Tungsten All-Season,Included,Included,Yes,No,,,Tesla 2021 Model 3
,418,sixmile,10/19/2025,9/1/2026,,2-6 weeks,Purchase,MI,Performance,Yes,Catalina Cove,Black Crater Signature,21” Liquid Tungsten All-Season,Included,Included,Yes,No,,,BMW x3
,419,mnev,3/7/2024,9/1/2026,,8-12 weeks,Purchase,MN,Performance,Yes,Launch Green,Coastal Cloud Signature,20” Black Sand All-Terrain,Included,Included,No,No,,,Tesla Model 3 Long Range
,420,Satosan0401,3/1/2026,9/1/2026,,Unknown,Purchase,IL,Performance,Yes,Catalina Cove,Coastal Cloud Signature,21” Liquid Tungsten All-Season,Included,Included,Yes,No,,,
,421,wnealisr226,12/1/2025,9/1/2026,,october,Purchase,IL,Performance,Yes,Launch Green,Black Crater Signature,21” Liquid Tungsten All-Season,Included,Included,No,No,,,1999 Toyota 4Runner
,422,Jcmachone,3/12/2026,9/1/2026,,4-8 weeks,Purchase,WI,Performance,Yes,Half Moon Grey,Black Crater Signature,20” Black Sand All-Terrain,Included,Included,Yes,No,,,2018 Tesla Model 3 Performance
,423,ttsamson,3/7/2024,8/18/2026,03615,9/9/26,Purchase,TX,Performance,Yes,Esker Silver,Black Crater Signature,21” Liquid Tungsten All-Season,Included,Included,Yes,Yes,No,R1S,Defender; Audi SQ8; Porsche Turbo S
,424,ev_agnostic,3/7/2024,8/18/2026,08317,09/17/2026,Purchase,CA,Performance,Yes,Launch Green,Coastal Cloud Signature,20” Black Sand All-Terrain,Included,Included,No,No,,,Tesla Model 3 & Y 
,425,Njbrandon,3/7/2024,8/27/2026,,8-12 weeks,Purchase,NJ,Performance,Yes,Esker Silver,Coastal Cloud Signature,21” Liquid Tungsten All-Season,Included,Included,Yes,No,,,2024 Tesla Model Y Performance
,426,Weekend at Gary’s,3/7/2024,8/20/2026,08176,9/22/2026,Purchase,WA,Performance,Yes,Catalina Cove,Black Crater Signature,20” Black Sand All-Terrain,Included,Included,No,Yes,Undecided,R1S,"R1S Dual Standard, 2016 Subaru Outback, 2008 Silverado"
,427,DriverJeff,5/17/2026,9/1/2026,,4-8 weeks,Purchase,IL,Performance,Yes,Catalina Cove,Black Crater Signature,21” Liquid Tungsten All-Season,Yes,Yes,No,No,No,,2011 Audi Q5
,428,Dallas1983,3/16/2026,8/19/2026,,8-12 weeks,Purchase,CA,Performance,Yes,Launch Green,Black Crater Signature,20” Black Sand All-Terrain,Included,Included,No,No,,,Jeep Wrangler (Rubicon)
,429,R2D2TOO,3/7/2024,8/27/2026,,4-8 weeks,Purchase,TX,Performance,Yes,Launch Green,Coastal Cloud Signature,20” Black Sand All-Terrain,Included,Included,No,No,,,"4Runner, Corvette "
,430,Nickic30,3/8/2026,8/18/2026,X1210,"Sept 19, 2026",Purchase,MA,Performance,Yes,Glacier White,Black Crater Signature,20” Black Sand All-Terrain,Included,Included,No,No,,,Volvo XC40 Recharge; Tesla Model Y
,431,Stapinski40,3/7/2024,8/18/2026,,Mid-September ,Purchase,AZ,Performance,Yes,Forest Green,Black Crater Signature,21” Liquid Tungsten All-Season,Included,Included,No,No,,,Pilot & Odyssey
,432,Mos Eisley,2/21/2026,9/2/2026,,September–October 2026,Purchase,MN,Performance,Yes,Esker Silver,Black Crater Signature,21” Liquid Tungsten All-Season,Yes,Yes,No,No,,,Mazda CX-30 and CX-5
,433,bobc,10/1/2024,9/1/2026,,8-12 Weeks,Purchase,MI,Performance,Yes,Catalina Cove,Black Crater Signature,21” Liquid Tungsten All-Season,Included,Included,No,No,,,
,434,MnBrPg,3/15/2026,8/18/2026,,6-8 weeks,Lease,TX,Performance,Yes,Glacier White,Black Crater Signature,20” Black Sand All-Terrain,Included,Included,No,No,,,Lexus RX 450h+
,435,NADUS,11/22/2024,9/1/2026,,None Yet,Purchase,MO,Performance,Yes,Esker Silver,Black Crater Signature,20” Black Sand All-Terrain,Included,Included,No,No,,,Tesla Model 3
,436,ashukru,5/28/2026,9/2/2026,,4-8 weeks,Purchase,NY,Performance,Yes,Catalina Cove,Black Crater Signature,21” Liquid Tungsten All-Season,Included,Included,Yes,No,,,2024 Model Y - trading in
,437,TStu,8/20/2026,9/1/2026,,"Sept 7-21, 2026",Purchase,GA,Performance,Yes,Catalina Cove,Black Crater Signature,21” Liquid Tungsten All-Season,Included,Included,Yes,No,,,
,438,KenyMcCormick,4/1/2024,9/1/2026,,4-8 weeks,Purchase,MO,Performance,Yes,Launch Green,Black Crater Signature,21” Liquid Tungsten All-Season,Included,Included,No,No,,,
,439,brennancoslett,8/30/2025,9/1/2026,,4-8 weeks,Purchase,ND,Performance,Yes,Catalina Cove,Black Crater Signature,21” Liquid Tungsten All-Season,Included,Included,Yes,No,,,"2014 Model S, 2023 Hyundai Tucson"
,440,bloomingok,12/4/2024,9/1/2026,,4-8 weeks,Purchase,OK,Performance,Yes,Launch Green,Black Crater Signature,21” Liquid Tungsten All-Season,Included,Included,No,No,,,BMW X3
,441,AndySTL928,3/7/2024,9/1/2026,,August September ,Purchase,MO,Performance,Yes,Glacier White,Coastal Cloud Signature,21” Liquid Tungsten All-Season,Included,Included,No,No,No,,Tesla Model 3
,442,algo,1/20/2025,9/2/2026,,4 - 8 weeks,Purchase,NY,Performance,Yes,Catalina Cove,Black Crater Signature,20” Black Sand All-Terrain,Included,Included,No,No,,,2018 VW Golf R & 2010 Porsche Cayenne
,443,TexB,3/16/2024,8/27/2026,,8-12 weeks,Purchase,TX,Performance,Yes,Half Moon Grey,Coastal Cloud Signature,20” Black Sand All-Terrain,Included,Included,No,No,,,
,444,OneWorldCitizen,9/2/2026,9/30/2025,,6 weeks,Purchase,OH,Performance,Yes,Esker Silver,Coastal Cloud Signature,20” Black Sand All-Terrain,Included,Included,No,No,,,
,445,George,9/15/2025,9/2/2026,,4 to 8 wks,Purchase,CO,Performance,Yes,Catalina Cove,Coastal Cloud Signature,20” Black Sand All-Terrain,Included,Included,Yes,No,,,"Mach e, Sport Bronco"
,446,Avcat123,4/22/2026,8/18/2026,,TBD ,Purchase,CA,Performance,Yes,Esker Silver,Coastal Cloud Signature,21” Liquid Tungsten All-Season,Included,Included,No,No,,,Tesla Y
,447,spendharkar,7/25/2026,8/18/2026,,Don’t know yet,Purchase,NC,Performance,Yes,Forest Green,Coastal Cloud Signature,21” Liquid Tungsten All-Season,Included,Included,No,No,,,"Audi A5 cab, Kia EV9"
,448,Koy,3/12/2026,9/1/2026,08279,09/30/2026,Purchase,NC,Performance,Yes,Launch Green,Black Crater Signature,21” Liquid Tungsten All-Season,Included,Included,No,No,,,Tahoe
,449,Darby13,3/7/2024,9/1/2026,,8-12 weeks,Purchase,MO,Performance,Yes,Esker Silver,Coastal Cloud Signature,21” Liquid Tungsten All-Season,Included,Included,Yes,No,,,Tesla Model Y
,450,Snoo,7/5/2026,9/2/2026,,4-8 weeks,Purchase,NY,Performance,Yes,Launch Green,Black Crater Signature,21” Liquid Tungsten All-Season,Included,Included,Yes,No,,,subaru outback
,451,RivianFrog,9/3/2026,9/3/2026,,4-8 Weeks,Purchase,NJ,Performance,Yes,Glacier White,Black Crater Signature,20” Black Sand All-Terrain,Included,Included,No,No,,,